age,annual_income,loan_amount,credit_score,employment_type,existing_loans,loan_term_months,missed_payments_last_year,defaulted
25,893005.0,646701.0,330,Salaried,0,48,1,0
46,539197.0,573504.0,444,Business,0,12,0,1
24,525648.0,645354.0,526,Salaried,1,36,1,1
40,394373.0,382417.0,848,Business,2,60,0,1
44,399735.0,706151.0,797,Salaried,1,36,0,0
60,690442.0,110518.0,463,Salaried,0,36,0,0
49,518677.0,630297.0,892,Business,0,60,0,0
35,839048.0,385665.0,872,Self-Employed,0,36,1,0
44,686795.0,488384.0,381,Salaried,2,36,1,0
29,363147.0,216838.0,708,Business,1,12,0,0
46,469892.0,502229.0,334,Salaried,0,12,1,1
63,456906.0,579059.0,321,Business,3,36,2,1
47,599401.0,318227.0,619,Salaried,0,12,0,0
29,555963.0,348204.0,805,Self-Employed,0,12,0,0
60,538174.0,115468.0,871,Salaried,4,48,2,0
59,1133034.0,427361.0,451,Self-Employed,1,24,1,0
25,993051.0,252898.0,694,Salaried,0,48,0,0
28,587285.0,554660.0,478,Business,0,48,0,1
21,1138696.0,538188.0,755,Salaried,0,24,0,0
32,718239.0,433037.0,522,Salaried,1,60,1,0
27,377692.0,365737.0,688,Salaried,2,48,0,1
40,320664.0,724650.0,814,Business,2,12,2,1
26,347910.0,441601.0,453,Salaried,1,12,0,1
45,418709.0,731909.0,457,Salaried,0,12,0,1
21,571737.0,420487.0,452,Self-Employed,3,48,0,0
55,471814.0,466187.0,342,Salaried,2,24,0,1
30,908281.0,223249.0,681,Self-Employed,1,60,0,0
35,298530.0,196784.0,337,Business,1,12,2,0
59,807274.0,50000.0,616,Salaried,1,36,1,0
25,467375.0,677704.0,868,Business,2,36,1,1
30,649751.0,160695.0,400,Salaried,1,36,1,0
44,525017.0,50000.0,575,Self-Employed,2,24,1,1
56,916934.0,451779.0,563,Self-Employed,1,24,0,0
24,438421.0,295454.0,812,Salaried,0,36,3,0
29,330314.0,187805.0,408,Salaried,2,36,0,1
40,845572.0,50000.0,639,Salaried,0,12,2,0
22,785148.0,246680.0,655,Self-Employed,0,24,2,1
21,840411.0,168885.0,499,Self-Employed,0,36,0,0
37,379375.0,464380.0,552,Self-Employed,1,36,1,1
52,653074.0,502312.0,554,Salaried,2,60,1,1
50,536649.0,436364.0,862,Salaried,1,60,1,1
49,381713.0,295403.0,464,Salaried,0,60,1,0
28,966468.0,206452.0,481,Salaried,0,12,0,0
44,355421.0,547276.0,767,Business,2,12,1,1
31,966367.0,89763.0,339,Business,0,48,0,1
62,150000.0,450977.0,394,Salaried,1,12,1,1
56,638331.0,141915.0,413,Salaried,2,48,1,0
21,622901.0,372688.0,847,Salaried,1,12,0,0
28,842567.0,176549.0,740,Salaried,2,24,1,0
44,876677.0,236859.0,860,Salaried,2,24,0,1
49,738913.0,622670.0,702,Salaried,1,48,1,1
53,727116.0,373353.0,361,Salaried,1,24,0,0
42,454738.0,629083.0,889,Salaried,2,48,1,0
57,454256.0,510581.0,536,Business,0,60,0,1
56,568543.0,315737.0,696,Salaried,1,60,2,1
54,758010.0,508992.0,432,Self-Employed,0,60,2,1
24,710357.0,192080.0,608,Self-Employed,1,12,0,0
48,788518.0,558180.0,699,Business,1,24,1,0
54,917796.0,205751.0,312,Business,2,60,1,0
40,591636.0,50000.0,480,Salaried,2,24,1,0
48,612311.0,593193.0,596,Salaried,1,12,1,0
25,629684.0,393765.0,864,Salaried,1,36,2,0
40,150000.0,88398.0,658,Self-Employed,1,48,0,0
54,862993.0,368650.0,582,Salaried,0,48,2,1
51,513769.0,473638.0,657,Salaried,2,60,1,0
58,1079460.0,308655.0,638,Business,1,60,0,0
30,593267.0,494940.0,340,Salaried,0,36,1,1
50,527791.0,871029.0,682,Salaried,2,12,1,1
38,150000.0,477669.0,329,Self-Employed,4,24,0,1
52,1255751.0,595594.0,695,Salaried,0,48,2,0
23,897898.0,266575.0,759,Business,2,24,1,0
40,1010638.0,457178.0,790,Salaried,1,48,1,0
39,999408.0,629919.0,895,Self-Employed,2,12,0,0
42,513007.0,435461.0,484,Business,1,48,1,1
24,675809.0,50000.0,554,Salaried,0,60,0,0
32,462945.0,538847.0,393,Business,0,12,0,0
37,648844.0,479734.0,671,Self-Employed,2,36,1,1
33,1079065.0,455284.0,436,Salaried,1,48,1,1
50,724432.0,403630.0,635,Salaried,0,60,0,0
64,691677.0,236413.0,705,Salaried,2,36,0,0
62,473827.0,104838.0,804,Self-Employed,1,12,0,0
30,880190.0,562491.0,734,Business,4,48,1,0
33,608136.0,219525.0,347,Self-Employed,1,24,1,0
24,890704.0,797400.0,361,Business,2,12,1,1
35,741580.0,406146.0,671,Business,0,24,1,0
41,883695.0,503572.0,896,Salaried,0,36,0,0
36,1055699.0,568640.0,547,Salaried,2,36,0,0
56,309902.0,615672.0,482,Business,1,60,0,1
25,341683.0,396235.0,376,Salaried,1,24,0,1
64,712133.0,391561.0,313,Business,1,48,0,0
29,513206.0,425625.0,689,Business,4,12,1,1
47,663418.0,483054.0,522,Self-Employed,2,36,0,0
64,615840.0,215963.0,394,Salaried,0,12,2,0
44,662709.0,50000.0,578,Self-Employed,1,24,1,0
34,808114.0,277247.0,598,Business,1,24,1,0
60,866723.0,251082.0,611,Salaried,0,12,0,0
24,228640.0,511079.0,652,Salaried,0,24,0,1
50,660204.0,484213.0,606,Salaried,1,60,0,1
33,704652.0,454636.0,519,Business,1,24,1,0
33,692800.0,365720.0,305,Self-Employed,2,12,0,1
36,649969.0,435048.0,755,Salaried,0,12,0,0
50,1002771.0,636474.0,478,Salaried,0,24,0,0
29,588296.0,50000.0,411,Business,1,12,0,0
59,791002.0,709769.0,344,Salaried,1,48,0,1
27,605920.0,129015.0,497,Salaried,0,12,0,0
42,811068.0,583647.0,618,Self-Employed,0,24,0,0
48,622597.0,644340.0,555,Business,1,12,0,0
28,150000.0,516395.0,701,Salaried,1,60,1,1
38,456654.0,195102.0,623,Salaried,1,12,1,0
63,580542.0,510363.0,578,Salaried,1,36,2,1
26,532398.0,484765.0,479,Self-Employed,2,60,0,1
57,389020.0,235111.0,830,Salaried,1,48,1,0
62,360832.0,187663.0,769,Salaried,3,60,0,0
62,758177.0,656639.0,476,Self-Employed,1,36,2,1
50,783698.0,466324.0,518,Salaried,0,48,1,0
47,772469.0,525254.0,694,Self-Employed,1,36,1,1
21,830187.0,275018.0,681,Salaried,1,24,0,0
43,683683.0,475621.0,458,Salaried,1,60,0,0
55,737773.0,382920.0,677,Business,1,24,0,0
33,950592.0,293412.0,726,Salaried,0,60,0,0
27,983743.0,224271.0,697,Self-Employed,3,36,0,0
61,536729.0,406009.0,611,Business,0,12,2,0
55,994436.0,50000.0,802,Salaried,0,60,1,0
63,899744.0,374045.0,394,Business,1,12,2,0
50,726421.0,594633.0,687,Salaried,2,12,0,1
59,966430.0,126832.0,798,Business,1,48,1,0
63,880154.0,462610.0,870,Self-Employed,1,24,1,0
38,516146.0,414048.0,862,Salaried,1,60,0,0
26,657777.0,594212.0,825,Self-Employed,0,60,1,1
36,975368.0,622651.0,840,Salaried,1,60,0,0
33,1021862.0,486119.0,635,Business,0,24,1,0
62,503879.0,298787.0,808,Business,1,12,0,0
61,871428.0,179579.0,719,Salaried,0,48,2,1
49,722309.0,277485.0,845,Self-Employed,2,12,0,0
58,246772.0,528498.0,854,Salaried,2,24,1,1
30,150000.0,483380.0,575,Self-Employed,0,12,1,1
44,499104.0,454466.0,601,Salaried,1,60,1,1
42,524857.0,245443.0,644,Salaried,1,60,1,0
25,674465.0,541940.0,771,Salaried,2,36,0,1
48,1302622.0,126064.0,714,Salaried,0,60,0,0
33,907240.0,360876.0,471,Business,0,36,1,1
62,272982.0,413382.0,731,Self-Employed,1,48,1,0
32,936280.0,870838.0,436,Salaried,1,12,0,1
27,485490.0,224837.0,631,Salaried,1,24,0,0
54,888016.0,313592.0,433,Salaried,1,36,1,0
42,264696.0,425002.0,345,Salaried,0,12,0,0
42,742448.0,486678.0,551,Salaried,1,36,0,0
51,429312.0,673602.0,538,Business,1,60,0,1
64,630914.0,213174.0,888,Business,2,36,0,0
49,969262.0,82213.0,313,Self-Employed,1,60,0,0
33,741866.0,647608.0,407,Salaried,1,36,0,1
33,538248.0,511120.0,693,Salaried,1,12,0,1
57,506481.0,263634.0,451,Salaried,0,36,0,0
28,514997.0,124289.0,767,Business,3,48,0,0
42,937993.0,314822.0,858,Salaried,4,36,2,1
62,851687.0,442555.0,490,Business,1,24,1,0
59,543276.0,178565.0,457,Self-Employed,0,36,0,1
36,586520.0,50000.0,558,Salaried,4,60,0,1
64,296715.0,640610.0,367,Salaried,2,24,1,1
39,924714.0,526724.0,536,Self-Employed,0,36,0,0
49,902080.0,398524.0,604,Self-Employed,0,24,0,0
37,360604.0,447148.0,380,Salaried,0,48,0,1
26,150000.0,430729.0,530,Salaried,2,12,1,0
56,960467.0,67488.0,823,Business,0,36,2,0
34,216434.0,242221.0,419,Self-Employed,3,12,0,1
53,560110.0,438311.0,316,Salaried,1,48,1,0
44,590165.0,337675.0,376,Salaried,1,24,2,1
52,504604.0,596658.0,886,Self-Employed,1,24,0,0
54,581134.0,446560.0,877,Self-Employed,0,60,1,0
61,424452.0,233083.0,438,Business,1,60,0,0
48,802488.0,339503.0,409,Self-Employed,2,48,1,0
35,609240.0,196220.0,814,Self-Employed,3,12,2,0
62,1035960.0,237599.0,518,Self-Employed,0,48,2,1
63,810109.0,398201.0,429,Business,2,48,2,0
53,899300.0,520246.0,483,Salaried,1,36,0,0
55,459324.0,734681.0,872,Salaried,2,12,2,1
52,977748.0,390974.0,834,Salaried,2,48,2,1
59,851368.0,248772.0,690,Business,0,12,0,0
39,671245.0,451599.0,845,Self-Employed,0,48,0,0
30,585076.0,50000.0,866,Self-Employed,1,36,0,0
30,658297.0,590900.0,836,Salaried,0,48,0,1
34,713397.0,480542.0,874,Salaried,3,12,1,0
42,997652.0,618202.0,361,Salaried,1,24,1,0
64,793661.0,311310.0,375,Salaried,0,48,1,0
22,767250.0,54171.0,525,Salaried,2,12,1,0
52,582623.0,367514.0,395,Self-Employed,0,24,0,0
35,496050.0,408795.0,707,Salaried,0,48,2,1
37,957211.0,50000.0,446,Salaried,2,48,0,1
46,451402.0,339538.0,441,Self-Employed,0,48,1,0
54,204062.0,314626.0,346,Self-Employed,1,48,0,1
42,480994.0,802370.0,637,Business,1,36,1,1
40,492664.0,620963.0,336,Salaried,2,24,1,1
39,895339.0,476347.0,369,Salaried,0,24,0,0
21,858749.0,87306.0,789,Salaried,0,24,0,0
34,519714.0,399556.0,853,Salaried,1,48,2,0
31,414288.0,78116.0,617,Business,2,60,1,1
48,996371.0,548165.0,573,Business,2,24,1,1
49,472518.0,68306.0,351,Business,1,60,0,1
29,322041.0,433529.0,312,Salaried,0,12,1,1
54,817493.0,461387.0,462,Salaried,0,24,0,0
57,453882.0,152119.0,427,Salaried,0,36,0,0
46,786339.0,570248.0,871,Salaried,2,36,1,0
63,959757.0,396931.0,371,Self-Employed,0,60,0,0
49,828694.0,415364.0,570,Self-Employed,1,36,0,1
28,538610.0,318770.0,696,Salaried,0,60,0,1
36,798796.0,297826.0,679,Salaried,0,60,1,0
21,462143.0,694523.0,656,Salaried,1,24,1,1
39,594754.0,470164.0,734,Self-Employed,0,36,1,0
60,739699.0,501162.0,500,Self-Employed,1,24,0,0
21,633206.0,358722.0,371,Salaried,2,12,0,0
30,802492.0,431809.0,375,Self-Employed,1,24,0,0
55,683065.0,399543.0,341,Salaried,1,24,0,0
64,616133.0,330807.0,464,Salaried,1,48,1,1
26,450059.0,536347.0,554,Self-Employed,1,60,0,1
42,691910.0,470499.0,408,Salaried,2,12,0,0
37,452657.0,310693.0,769,Salaried,1,24,1,0
62,523823.0,213072.0,707,Business,1,60,0,0
32,666828.0,551612.0,673,Business,1,12,0,0
63,663932.0,377546.0,329,Salaried,1,36,0,0
53,544409.0,463284.0,812,Self-Employed,0,48,0,0
61,450517.0,96578.0,756,Salaried,1,36,2,0
57,607002.0,307327.0,386,Salaried,2,24,0,0
26,153245.0,371466.0,762,Business,1,24,1,1
49,674322.0,160253.0,741,Self-Employed,0,36,1,0
64,719955.0,140520.0,898,Business,2,36,1,0
50,930466.0,470362.0,444,Salaried,0,36,1,1
63,601878.0,350518.0,463,Salaried,1,48,1,0
52,342600.0,186767.0,781,Salaried,3,36,0,0
28,856404.0,612369.0,851,Business,0,24,1,0
49,847910.0,770244.0,813,Self-Employed,1,36,1,1
35,817047.0,387016.0,641,Business,1,24,0,0
34,531681.0,331819.0,767,Self-Employed,0,60,0,0
40,974826.0,450719.0,738,Salaried,3,24,0,0
62,745820.0,586528.0,308,Salaried,1,48,0,0
34,930934.0,409570.0,464,Self-Employed,2,48,1,1
45,535424.0,482395.0,571,Salaried,1,24,0,0
24,970601.0,503899.0,498,Business,0,24,0,0
28,150000.0,207469.0,521,Salaried,0,24,1,0
63,1014590.0,115213.0,549,Salaried,2,60,1,0
53,1066073.0,674441.0,677,Business,1,60,1,0
54,930861.0,382994.0,449,Salaried,0,12,0,0
32,601808.0,330198.0,883,Salaried,0,24,0,0
48,428612.0,294041.0,738,Salaried,0,36,1,0
25,672788.0,310945.0,312,Salaried,1,12,0,1
59,836125.0,269156.0,497,Salaried,2,12,0,0
52,912640.0,207877.0,349,Salaried,1,60,0,0
51,923250.0,319954.0,332,Business,3,60,0,0
35,1108348.0,134133.0,303,Self-Employed,2,60,1,1
64,692441.0,199206.0,753,Salaried,1,60,1,0
33,599138.0,499325.0,312,Salaried,1,60,0,0
37,519256.0,50000.0,386,Salaried,0,12,2,1
47,398780.0,379483.0,418,Salaried,2,12,1,1
53,865976.0,436333.0,556,Salaried,2,24,0,0
64,741198.0,460820.0,530,Salaried,2,12,2,0
54,494297.0,261371.0,586,Business,2,48,1,0
29,150000.0,542361.0,373,Salaried,3,24,0,0
51,505929.0,835243.0,424,Salaried,1,48,1,0
54,762423.0,544943.0,734,Business,2,36,0,0
36,753988.0,519223.0,583,Salaried,2,24,0,0
43,831489.0,129368.0,880,Salaried,0,48,0,0
55,1127756.0,412199.0,771,Business,0,60,0,0
33,589454.0,839589.0,539,Self-Employed,2,36,0,1
25,771376.0,265240.0,787,Salaried,0,24,0,0
41,1010426.0,538799.0,329,Salaried,2,24,2,1
64,574445.0,268674.0,308,Salaried,1,48,0,1
39,722216.0,876854.0,745,Business,1,12,0,0
42,442583.0,899802.0,365,Self-Employed,0,24,0,1
43,150000.0,369639.0,653,Self-Employed,0,60,0,1
39,1203361.0,50000.0,885,Salaried,3,36,1,0
26,774470.0,506435.0,344,Business,1,36,3,1
60,843914.0,600656.0,585,Self-Employed,1,24,2,0
26,550338.0,64952.0,837,Business,1,60,0,0
26,557176.0,514887.0,552,Business,2,24,1,1
27,210553.0,261556.0,669,Salaried,2,60,0,1
52,823135.0,423700.0,462,Salaried,0,60,0,0
50,532849.0,638694.0,836,Salaried,0,12,0,0
37,938249.0,282637.0,513,Self-Employed,0,12,1,0
63,449391.0,555888.0,602,Self-Employed,1,48,0,0
25,484336.0,536697.0,302,Self-Employed,2,24,1,1
59,1009512.0,524982.0,323,Business,1,48,0,0
34,636483.0,563878.0,677,Salaried,3,24,1,1
23,1142760.0,336449.0,720,Salaried,1,60,1,0
33,629272.0,50000.0,389,Salaried,3,24,0,1
45,424892.0,194784.0,550,Salaried,1,48,1,0
48,630836.0,374157.0,362,Business,1,24,0,0
37,780754.0,622193.0,806,Salaried,0,36,0,1
26,885334.0,535674.0,696,Self-Employed,0,24,1,0
61,402962.0,50903.0,594,Salaried,0,36,1,0
50,345423.0,294762.0,350,Self-Employed,2,12,0,0
30,601793.0,278174.0,658,Salaried,0,60,0,0
60,613335.0,502253.0,799,Business,3,48,0,1
35,925208.0,270129.0,841,Self-Employed,1,36,0,0
27,677501.0,460879.0,338,Self-Employed,0,60,0,0
23,982720.0,364221.0,746,Salaried,1,48,1,0
58,756974.0,512693.0,592,Salaried,0,24,0,0
43,1010300.0,663015.0,801,Salaried,0,48,0,0
30,1303304.0,248004.0,303,Salaried,0,36,1,0
56,332446.0,298566.0,864,Self-Employed,2,60,0,1
36,544028.0,459452.0,435,Salaried,1,36,0,1
41,786102.0,254520.0,388,Salaried,3,12,1,1
53,926982.0,185199.0,800,Business,1,36,0,0
56,403789.0,464439.0,398,Self-Employed,1,60,1,1
42,663308.0,579901.0,696,Salaried,1,12,0,1
27,384716.0,491776.0,644,Business,2,48,0,1
41,466265.0,442756.0,848,Salaried,0,12,0,0
21,218292.0,542617.0,877,Self-Employed,1,12,0,0
41,290104.0,243479.0,422,Salaried,1,12,1,0
54,667803.0,333180.0,646,Salaried,0,48,1,0
42,1014934.0,368572.0,406,Salaried,1,24,2,0
23,214661.0,483295.0,396,Self-Employed,1,60,0,1
32,502800.0,260883.0,427,Self-Employed,2,36,2,0
32,484543.0,243848.0,856,Salaried,1,12,0,0
57,455503.0,50000.0,367,Salaried,2,24,1,1
29,1128302.0,486854.0,898,Salaried,1,60,0,0
64,835303.0,388459.0,741,Business,2,48,2,1
28,410188.0,148633.0,303,Salaried,0,12,0,1
28,1214722.0,666125.0,689,Salaried,0,24,0,0
42,1060978.0,378930.0,425,Business,1,12,2,1
40,528124.0,213208.0,855,Self-Employed,1,36,0,0
60,527173.0,439289.0,616,Salaried,0,48,1,1
43,744191.0,597848.0,531,Self-Employed,0,48,0,1
56,952431.0,404270.0,494,Salaried,3,12,0,0
38,724004.0,177013.0,796,Business,0,36,0,0
54,725077.0,474409.0,497,Business,1,48,0,0
29,177976.0,263909.0,406,Salaried,0,48,1,1
36,1583575.0,572424.0,699,Salaried,2,12,0,0
31,800183.0,181711.0,822,Salaried,0,60,1,0
39,915818.0,250686.0,635,Business,1,36,0,0
48,472626.0,510741.0,718,Business,0,48,2,1
38,424488.0,537298.0,753,Salaried,0,36,1,0
47,667859.0,162507.0,605,Salaried,1,36,0,0
60,677366.0,469433.0,896,Business,0,60,1,1
21,267800.0,692691.0,634,Salaried,2,48,1,1
29,598625.0,406483.0,433,Salaried,1,36,1,1
34,690942.0,762833.0,885,Salaried,1,12,1,0
45,170465.0,417819.0,851,Salaried,0,60,1,1
33,426194.0,509711.0,541,Business,1,12,0,1
55,584152.0,277098.0,588,Business,1,24,0,0
24,796599.0,432567.0,496,Business,1,60,0,0
53,899059.0,401940.0,444,Salaried,0,36,1,0
47,485448.0,512067.0,835,Self-Employed,2,12,0,1
38,150000.0,413484.0,683,Self-Employed,0,36,0,0
32,616608.0,81105.0,742,Self-Employed,0,36,0,0
22,1189182.0,511162.0,698,Salaried,0,60,0,0
58,602946.0,745493.0,355,Salaried,0,12,1,1
58,588084.0,509808.0,388,Self-Employed,2,36,3,1
30,474261.0,184774.0,800,Salaried,1,24,2,0
48,482288.0,596842.0,500,Salaried,0,60,0,0
40,464261.0,635761.0,641,Business,2,24,0,0
64,911032.0,306594.0,702,Self-Employed,1,60,0,0
41,367753.0,291551.0,478,Salaried,1,60,0,0
23,826114.0,420423.0,712,Salaried,0,60,1,0
29,725038.0,569879.0,455,Salaried,0,60,2,1
41,405614.0,170047.0,677,Business,1,12,1,0
31,473871.0,50000.0,689,Salaried,0,60,1,0
53,758148.0,629412.0,568,Salaried,0,36,0,0
23,859195.0,291578.0,362,Salaried,1,60,0,0
43,1252751.0,310368.0,867,Business,1,24,1,1
24,995114.0,303905.0,598,Business,0,12,1,0
62,496346.0,65721.0,524,Self-Employed,2,60,0,1
49,920949.0,378678.0,391,Salaried,0,36,0,0
36,674628.0,106773.0,334,Salaried,0,48,0,0
59,467857.0,523447.0,475,Salaried,1,60,0,1
30,208879.0,596123.0,648,Salaried,1,24,0,1
62,383351.0,440765.0,397,Salaried,2,36,2,1
62,1031675.0,533667.0,472,Salaried,1,48,0,0
57,905858.0,351531.0,847,Salaried,1,12,1,0
61,377988.0,411392.0,345,Salaried,1,60,0,1
33,900588.0,343064.0,492,Salaried,0,24,0,0
55,729583.0,615335.0,395,Salaried,4,12,0,1
57,441761.0,393116.0,641,Salaried,2,12,0,0
43,229516.0,319160.0,843,Self-Employed,1,36,1,1
26,266029.0,548638.0,388,Business,2,12,2,1
36,398960.0,473240.0,608,Salaried,1,24,0,1
24,849833.0,431048.0,451,Salaried,1,48,1,0
58,150000.0,204036.0,701,Salaried,2,12,1,0
43,938090.0,265430.0,776,Self-Employed,0,48,0,0
35,618693.0,52351.0,635,Salaried,0,24,1,0
57,467126.0,394766.0,389,Salaried,0,12,1,1
40,979862.0,462234.0,407,Self-Employed,0,48,0,1
58,262399.0,551857.0,499,Salaried,1,36,0,1
44,850028.0,474904.0,320,Self-Employed,1,48,1,1
26,701957.0,556900.0,463,Salaried,1,24,0,0
45,633046.0,899364.0,532,Business,1,12,0,1
32,361601.0,624942.0,771,Self-Employed,1,12,2,1
47,474668.0,268945.0,832,Salaried,2,36,1,0
55,649760.0,544131.0,758,Business,1,48,0,1
37,635755.0,366077.0,492,Salaried,0,60,1,1
62,431602.0,339167.0,771,Business,1,12,2,0
40,250194.0,258317.0,473,Salaried,1,36,2,1
55,815459.0,616300.0,598,Salaried,1,12,0,0
31,688698.0,239452.0,368,Salaried,1,60,0,0
25,502427.0,319084.0,430,Salaried,2,48,2,0
24,934596.0,520978.0,306,Salaried,0,12,2,0
25,821678.0,374313.0,569,Business,1,36,1,1
61,737780.0,438646.0,438,Salaried,1,36,0,0
28,634357.0,414905.0,555,Salaried,3,60,0,0
63,494642.0,249221.0,772,Salaried,1,24,0,0
23,286413.0,778559.0,336,Business,1,60,0,1
60,909213.0,897552.0,450,Self-Employed,1,36,0,1
31,548735.0,232144.0,482,Business,1,36,0,0
29,780147.0,211911.0,828,Self-Employed,3,24,0,0
50,382022.0,570799.0,561,Salaried,1,48,1,1
25,387951.0,406963.0,474,Salaried,1,60,0,1
21,712465.0,558490.0,523,Business,1,12,0,0
44,923008.0,313339.0,617,Business,1,24,0,0
41,758283.0,327441.0,503,Salaried,0,12,1,0
50,466418.0,262904.0,767,Salaried,2,60,0,0
52,399564.0,173269.0,328,Business,1,24,0,0
63,566857.0,321853.0,648,Business,4,24,1,0
43,296576.0,511644.0,663,Self-Employed,1,60,0,1
51,1122648.0,580178.0,515,Self-Employed,2,36,0,0
21,783697.0,574153.0,675,Salaried,0,12,2,0
55,579498.0,269717.0,789,Salaried,0,36,0,0
41,663135.0,328882.0,598,Salaried,2,48,0,0
36,1016351.0,356009.0,512,Salaried,1,48,0,0
41,961735.0,287235.0,743,Salaried,0,48,1,0
38,516933.0,496922.0,716,Self-Employed,2,48,0,1
31,335802.0,520091.0,688,Salaried,1,24,1,0
21,328953.0,286517.0,450,Self-Employed,2,60,1,1
21,894707.0,603270.0,547,Salaried,1,24,1,0
55,370417.0,528422.0,342,Salaried,0,12,0,1
56,893860.0,511966.0,763,Salaried,0,24,0,0
49,481840.0,286654.0,528,Self-Employed,2,12,1,0
62,955763.0,693991.0,885,Salaried,0,36,1,0
56,373042.0,50000.0,578,Salaried,0,60,0,0
42,722891.0,384379.0,703,Salaried,1,24,0,0
59,426129.0,156280.0,441,Salaried,1,24,0,0
45,709092.0,173082.0,440,Business,1,36,0,0
43,318809.0,50000.0,693,Self-Employed,0,24,1,0
44,759934.0,50000.0,548,Salaried,1,48,1,1
49,784920.0,331121.0,738,Self-Employed,0,24,2,1
32,917471.0,603351.0,366,Self-Employed,0,12,1,1
32,710316.0,343620.0,513,Salaried,3,36,0,0
43,650897.0,415573.0,877,Business,1,36,0,0
49,703984.0,443073.0,375,Salaried,1,12,1,1
57,643577.0,219542.0,875,Self-Employed,1,24,0,0
23,961899.0,682342.0,357,Self-Employed,2,12,0,0
50,760593.0,258765.0,744,Self-Employed,0,48,3,1
60,676043.0,379729.0,818,Salaried,0,48,1,0
62,677575.0,758978.0,783,Self-Employed,2,48,0,0
63,700795.0,213576.0,449,Self-Employed,2,24,3,1
29,1137415.0,444799.0,703,Self-Employed,1,48,2,0
59,779262.0,537500.0,342,Self-Employed,0,12,0,0
47,462490.0,588393.0,546,Salaried,3,12,2,1
38,484185.0,472755.0,378,Salaried,1,60,0,1
37,404663.0,743815.0,777,Self-Employed,1,24,0,1
28,150000.0,350420.0,637,Self-Employed,0,12,0,1
25,592055.0,160636.0,890,Salaried,1,12,0,0
24,670465.0,576820.0,768,Salaried,1,12,1,0
44,525732.0,689025.0,389,Salaried,0,48,1,1
49,679290.0,587455.0,688,Self-Employed,1,24,1,1
57,1205239.0,355139.0,739,Salaried,2,12,1,0
52,912104.0,391548.0,475,Salaried,3,12,0,1
61,859855.0,243792.0,331,Salaried,0,12,1,0
42,459588.0,567000.0,703,Self-Employed,0,12,0,1
21,663704.0,312523.0,789,Salaried,4,48,0,1
49,1045886.0,266671.0,801,Self-Employed,1,48,0,0
28,444894.0,557515.0,694,Self-Employed,2,24,0,0
64,665760.0,513781.0,882,Self-Employed,3,12,0,0
47,992651.0,572187.0,792,Business,1,36,1,0
26,1053321.0,428259.0,755,Salaried,1,60,2,0
33,1145260.0,186142.0,893,Salaried,1,12,0,0
22,776781.0,364286.0,545,Self-Employed,0,48,1,0
42,704509.0,748679.0,404,Salaried,0,24,0,1
46,443204.0,50000.0,817,Business,1,60,0,0
46,934500.0,611234.0,395,Salaried,2,24,1,0
42,595692.0,500630.0,882,Self-Employed,1,24,1,1
59,384168.0,50000.0,361,Salaried,1,12,0,0
64,960942.0,369211.0,663,Salaried,1,60,0,0
58,235920.0,527420.0,531,Salaried,2,60,0,1
46,264057.0,589930.0,747,Salaried,2,48,2,1
25,343226.0,389226.0,745,Business,1,48,1,1
50,491900.0,300643.0,844,Self-Employed,0,48,1,0
43,259632.0,320076.0,550,Salaried,1,12,2,1
53,691928.0,748748.0,870,Self-Employed,2,48,1,1
43,682327.0,281181.0,539,Salaried,0,48,0,0
55,750680.0,97397.0,326,Self-Employed,0,60,0,0
31,320142.0,697927.0,653,Salaried,1,24,0,0
34,329296.0,54145.0,870,Business,1,36,0,0
56,595298.0,155425.0,567,Salaried,2,60,1,1
54,633251.0,625079.0,436,Salaried,1,60,1,1
59,946141.0,442018.0,404,Salaried,1,12,0,0
60,768084.0,292232.0,559,Business,0,36,1,0
37,166082.0,379375.0,660,Salaried,0,60,0,1
25,329158.0,510727.0,377,Salaried,1,48,1,1
44,470858.0,447698.0,324,Salaried,0,12,1,1
21,547016.0,473590.0,617,Business,0,36,1,0
39,366281.0,582060.0,351,Salaried,0,36,2,1
30,973108.0,768229.0,485,Salaried,0,12,0,0
27,434405.0,492980.0,768,Salaried,2,12,0,1
38,567304.0,421406.0,510,Self-Employed,1,36,0,0
23,771704.0,364566.0,765,Business,0,12,0,0
35,557632.0,146265.0,355,Salaried,2,12,0,1
23,585331.0,624687.0,638,Salaried,0,60,1,1
52,712963.0,413603.0,491,Salaried,0,48,0,0
29,936084.0,71324.0,610,Salaried,1,60,1,0
34,578226.0,358659.0,496,Business,0,60,2,0
49,549463.0,50000.0,727,Business,2,48,0,0
62,384314.0,606514.0,442,Salaried,0,36,0,1
47,757313.0,257322.0,357,Salaried,2,36,0,0
60,718370.0,629896.0,870,Business,1,24,0,0
39,929646.0,288171.0,733,Business,0,60,0,0
41,531364.0,516219.0,486,Salaried,1,12,1,0
44,945135.0,609251.0,424,Self-Employed,1,60,0,1
49,909338.0,349200.0,842,Salaried,1,12,0,0
49,619303.0,675830.0,519,Business,1,60,0,1
36,514042.0,735201.0,390,Salaried,0,12,0,1
54,615105.0,665363.0,646,Salaried,0,12,2,1
21,311587.0,385392.0,769,Business,2,60,0,1
22,1047038.0,662771.0,792,Salaried,1,60,0,0
45,477774.0,398611.0,476,Salaried,2,48,0,1
60,717177.0,525150.0,423,Salaried,1,12,0,1
57,757191.0,432013.0,853,Self-Employed,3,36,0,0
63,837413.0,206934.0,540,Salaried,0,12,0,0
43,809166.0,417776.0,833,Business,1,24,0,0
64,729633.0,541488.0,586,Business,1,36,1,1
22,641178.0,530788.0,797,Self-Employed,1,36,1,1
41,351340.0,175200.0,793,Salaried,2,36,3,0
29,387501.0,50000.0,494,Business,2,12,0,0
44,345276.0,435905.0,840,Business,1,12,0,0
48,325360.0,566147.0,411,Business,3,12,3,1
56,712584.0,109817.0,564,Salaried,0,60,0,0
35,752281.0,471720.0,733,Salaried,0,36,1,0
43,701793.0,370293.0,597,Salaried,0,60,0,0
46,772990.0,472490.0,650,Salaried,1,36,1,0
46,551128.0,792779.0,485,Salaried,0,12,0,1
51,434739.0,788951.0,300,Salaried,1,36,2,1
63,941839.0,501517.0,534,Salaried,0,24,0,0
33,422946.0,478368.0,612,Self-Employed,3,60,2,1
44,714194.0,680732.0,405,Salaried,0,60,0,1
59,1015471.0,328809.0,326,Self-Employed,0,36,0,0
45,413511.0,397594.0,546,Self-Employed,2,36,0,1
43,305608.0,473271.0,402,Salaried,2,36,0,1
48,445450.0,405452.0,500,Salaried,3,24,1,1
23,633513.0,397250.0,762,Self-Employed,0,12,1,0
39,472269.0,581264.0,746,Salaried,1,60,0,1
64,210263.0,229302.0,312,Salaried,0,36,0,1
58,374954.0,255007.0,580,Salaried,0,12,0,0
38,257755.0,621105.0,412,Self-Employed,0,60,1,1
38,620310.0,352617.0,695,Business,0,24,0,0
25,150000.0,829151.0,782,Self-Employed,2,48,0,1
46,451337.0,342679.0,688,Salaried,2,36,2,0
50,1000780.0,529506.0,463,Salaried,1,60,0,0
32,414829.0,500572.0,716,Self-Employed,0,24,2,1
58,619975.0,392334.0,683,Salaried,4,48,1,0
52,695458.0,91707.0,837,Salaried,0,36,1,0
24,506148.0,550923.0,425,Business,1,36,2,1
51,761119.0,412767.0,565,Self-Employed,1,60,1,0
34,966370.0,401717.0,401,Business,1,36,1,0
26,699633.0,537386.0,632,Business,1,12,0,0
60,211058.0,486923.0,817,Self-Employed,2,24,0,1
21,430822.0,63302.0,755,Business,1,36,1,0
63,568479.0,419484.0,670,Salaried,0,36,0,0
36,405590.0,134406.0,798,Salaried,0,12,0,0
57,584002.0,562712.0,686,Salaried,1,12,0,0
34,872520.0,412871.0,826,Self-Employed,1,48,0,0
53,578913.0,429394.0,347,Salaried,2,60,1,1
53,774877.0,361552.0,689,Business,0,48,3,1
32,949265.0,227252.0,838,Business,1,12,0,0
64,695909.0,144016.0,848,Business,0,36,1,0
22,490399.0,230137.0,306,Salaried,0,36,0,0
53,978753.0,374505.0,693,Self-Employed,2,36,0,0
60,679650.0,311564.0,350,Salaried,1,12,1,0
27,930000.0,448543.0,630,Salaried,0,36,0,0
24,702113.0,585148.0,596,Salaried,1,60,0,1
59,1160592.0,50000.0,798,Salaried,2,48,1,0
51,150000.0,273865.0,548,Salaried,0,12,0,0
25,339786.0,212837.0,541,Business,2,60,2,0
48,463740.0,68336.0,433,Salaried,2,36,1,1
61,936617.0,754376.0,619,Salaried,0,60,0,0
51,1065387.0,658618.0,766,Business,0,12,2,0
47,150000.0,373394.0,426,Salaried,2,48,0,1
62,625738.0,380486.0,769,Salaried,1,48,1,0
47,855673.0,221963.0,514,Business,0,48,0,1
48,534172.0,599106.0,696,Salaried,3,60,0,1
46,431118.0,551328.0,566,Salaried,1,36,0,1
23,476221.0,175240.0,729,Salaried,0,60,1,0
42,455965.0,562518.0,348,Business,0,12,0,1
41,479916.0,88966.0,531,Business,0,24,1,0
31,493305.0,297686.0,565,Salaried,0,24,2,1
54,756263.0,359555.0,428,Salaried,1,60,1,0
58,994626.0,336579.0,334,Self-Employed,1,60,2,1
39,499656.0,482730.0,513,Salaried,2,12,0,0
38,301202.0,526282.0,529,Business,4,48,0,1
38,564750.0,423597.0,321,Salaried,1,36,0,0
55,952059.0,67975.0,487,Salaried,2,48,1,0
29,428566.0,414320.0,450,Self-Employed,2,24,1,1
34,237055.0,512191.0,396,Salaried,1,48,1,1
26,541851.0,344401.0,342,Business,1,12,2,1
43,206655.0,423432.0,807,Salaried,1,24,0,0
61,894119.0,371370.0,673,Salaried,3,12,0,0
39,830638.0,227963.0,648,Salaried,0,60,2,1
22,863743.0,353288.0,828,Salaried,1,48,0,0
53,328613.0,417941.0,426,Self-Employed,2,60,2,1
28,627463.0,530606.0,836,Salaried,2,24,0,1
25,592069.0,50000.0,390,Salaried,0,60,0,0
50,918611.0,194689.0,582,Self-Employed,0,36,1,0
33,446710.0,348145.0,859,Salaried,2,36,0,0
57,782277.0,362453.0,664,Salaried,0,36,1,0
21,808861.0,567749.0,663,Salaried,1,36,0,0
58,833732.0,599738.0,623,Business,1,60,1,0
23,581624.0,701239.0,774,Business,1,60,0,1
42,875296.0,667948.0,575,Business,1,12,1,0
43,469646.0,248307.0,769,Self-Employed,0,24,0,0
30,481638.0,77099.0,694,Salaried,1,24,0,0
51,595209.0,450336.0,429,Salaried,0,60,1,0
43,596989.0,220367.0,539,Salaried,3,24,0,0
44,655961.0,387426.0,836,Salaried,1,24,2,0
64,688075.0,323289.0,663,Salaried,2,48,0,1
31,738990.0,390043.0,714,Salaried,2,36,1,0
29,446159.0,357367.0,843,Salaried,0,60,0,1
32,972137.0,358411.0,470,Salaried,2,24,0,0
60,716501.0,287826.0,494,Salaried,1,12,0,0
24,947968.0,397876.0,365,Salaried,1,24,1,0
28,152658.0,492985.0,568,Salaried,1,36,1,1
37,653612.0,553897.0,559,Self-Employed,0,48,0,1
27,272587.0,347135.0,494,Self-Employed,2,24,0,1
28,1036597.0,433097.0,752,Business,1,36,2,0
34,475543.0,162157.0,314,Self-Employed,0,24,0,0
37,555468.0,281843.0,375,Salaried,2,12,1,0
23,1006226.0,809334.0,472,Self-Employed,3,24,1,1
60,150000.0,352659.0,483,Business,0,24,0,1
25,1137826.0,427829.0,576,Business,2,48,0,0
23,755897.0,433654.0,422,Self-Employed,0,24,0,0
50,586679.0,287361.0,662,Self-Employed,2,36,0,0
58,916707.0,150641.0,659,Salaried,0,12,0,0
34,852400.0,601473.0,414,Business,0,60,1,0
45,532281.0,548687.0,615,Salaried,0,12,0,1
21,959500.0,384766.0,877,Business,2,24,1,0
42,626786.0,470593.0,337,Salaried,1,48,1,1
56,492002.0,688774.0,438,Salaried,2,36,0,1
64,828535.0,185845.0,572,Business,1,60,0,0
47,934355.0,305024.0,481,Self-Employed,1,24,0,0
50,372755.0,50000.0,488,Business,3,12,1,0
36,523822.0,239313.0,397,Salaried,1,60,0,0
25,419870.0,134298.0,660,Self-Employed,0,36,0,0
42,453507.0,347723.0,503,Salaried,2,12,0,0
48,1017920.0,273367.0,745,Business,3,36,0,0
31,531109.0,700377.0,459,Salaried,0,36,0,1
48,557139.0,361288.0,719,Salaried,4,12,0,0
21,701341.0,389293.0,880,Salaried,1,24,0,0
42,349724.0,391665.0,606,Business,1,12,2,1
46,866321.0,300473.0,832,Salaried,1,60,2,0
24,946221.0,786585.0,756,Salaried,1,36,1,1
26,766527.0,320275.0,542,Business,1,24,0,0
21,549039.0,417799.0,855,Self-Employed,1,60,0,0
38,319163.0,382533.0,598,Salaried,1,48,0,1
31,425346.0,331226.0,301,Salaried,0,24,1,0
60,722983.0,269741.0,433,Business,0,48,1,0
44,431884.0,479695.0,604,Self-Employed,1,12,1,1
60,985762.0,629505.0,308,Salaried,1,48,0,0
23,551215.0,50000.0,325,Salaried,3,60,0,0
40,1525794.0,424334.0,703,Self-Employed,2,60,0,0
43,688175.0,194530.0,668,Salaried,1,48,4,1
33,568789.0,480887.0,836,Salaried,1,48,2,1
45,242358.0,612406.0,375,Salaried,2,60,0,1
23,890651.0,408152.0,568,Salaried,2,24,0,0
28,883988.0,392585.0,873,Salaried,1,24,1,0
49,428900.0,627266.0,867,Business,1,48,0,0
58,331105.0,241485.0,406,Self-Employed,3,36,1,1
28,453502.0,1008393.0,647,Salaried,1,48,2,1
62,549321.0,850730.0,811,Business,2,12,0,0
56,901187.0,545920.0,785,Business,1,60,0,0
53,882637.0,483014.0,661,Salaried,1,48,1,1
46,747634.0,317326.0,802,Salaried,2,48,1,0
62,150000.0,248959.0,443,Salaried,2,48,0,1
41,806541.0,204887.0,568,Business,0,60,0,0
26,429300.0,467234.0,586,Self-Employed,0,36,0,1
56,325407.0,248393.0,872,Salaried,4,48,1,0
36,855781.0,439536.0,331,Business,1,36,1,0
61,1100354.0,501596.0,586,Salaried,2,36,0,0
25,510212.0,50000.0,846,Business,1,24,3,0
48,407882.0,305756.0,401,Salaried,2,60,0,0
29,667904.0,472946.0,640,Salaried,2,36,2,0
22,1021950.0,479401.0,888,Salaried,1,12,0,0
41,569093.0,851243.0,754,Salaried,2,48,0,1
23,923878.0,657662.0,582,Salaried,0,48,1,0
64,1093681.0,292984.0,754,Business,1,24,0,0
34,404203.0,644859.0,539,Business,3,60,0,1
29,885567.0,372869.0,452,Salaried,1,24,2,0
42,1035062.0,375274.0,352,Self-Employed,1,24,1,0
32,884303.0,556396.0,573,Self-Employed,0,48,1,0
21,453852.0,643045.0,391,Self-Employed,2,36,1,1
31,723652.0,705392.0,808,Salaried,2,12,1,1
62,731723.0,681198.0,762,Self-Employed,2,12,0,1
54,1013049.0,354123.0,351,Salaried,1,60,1,0
48,866087.0,74161.0,525,Salaried,0,60,1,0
52,1083637.0,474367.0,568,Salaried,0,48,1,0
32,852153.0,283471.0,791,Salaried,0,24,0,0
52,539600.0,652509.0,598,Salaried,1,48,0,0
57,369525.0,358360.0,783,Salaried,2,60,0,1
54,693073.0,445661.0,608,Business,2,60,0,0
30,516427.0,248919.0,810,Salaried,2,48,0,0
50,1058784.0,580233.0,743,Salaried,0,60,0,0
35,707235.0,751099.0,595,Salaried,3,12,1,1
23,460524.0,604653.0,595,Salaried,3,24,0,0
30,858120.0,249364.0,690,Business,0,36,1,0
32,616092.0,363994.0,894,Self-Employed,1,60,0,0
22,598236.0,712214.0,342,Salaried,0,12,1,1
55,641940.0,377210.0,768,Business,0,12,0,0
38,706025.0,426230.0,319,Self-Employed,0,24,0,0
26,718702.0,310669.0,398,Self-Employed,0,24,0,1
59,166382.0,454115.0,500,Salaried,0,48,0,1
52,872472.0,319116.0,657,Self-Employed,1,48,1,0
35,530856.0,387512.0,308,Self-Employed,0,36,0,0
38,931148.0,532520.0,457,Business,2,12,0,0
43,786863.0,400889.0,436,Business,1,12,0,0
37,994128.0,407756.0,323,Business,0,24,0,0
26,675104.0,376474.0,777,Salaried,1,12,0,0
60,828036.0,604014.0,680,Business,1,36,0,0
41,690532.0,337915.0,312,Salaried,0,60,1,0
23,435251.0,512870.0,666,Self-Employed,0,60,0,1
43,563751.0,337747.0,465,Salaried,1,36,1,0
25,603531.0,462235.0,524,Salaried,1,60,1,0
54,458355.0,735198.0,687,Salaried,0,60,0,0
60,1319668.0,562512.0,780,Salaried,1,24,0,0
53,200713.0,50000.0,669,Salaried,0,48,1,0
45,402447.0,357972.0,342,Salaried,0,24,0,1
31,727533.0,252408.0,861,Salaried,0,12,1,0
37,955472.0,566733.0,463,Self-Employed,0,60,2,1
62,820403.0,309225.0,418,Self-Employed,1,36,3,0
53,691095.0,739845.0,575,Salaried,2,36,1,1
64,591865.0,162597.0,574,Self-Employed,1,60,0,0
40,989407.0,606969.0,403,Business,1,24,0,0
39,150000.0,426525.0,724,Salaried,0,12,0,0
39,1064951.0,273163.0,757,Salaried,0,36,1,0
21,340724.0,419486.0,769,Salaried,0,60,2,0
33,151480.0,483134.0,439,Self-Employed,1,36,0,1
42,716424.0,501257.0,681,Salaried,1,48,2,0
37,478848.0,419682.0,607,Self-Employed,0,60,1,1
48,551682.0,483756.0,593,Salaried,2,48,1,0
39,1165453.0,631171.0,862,Salaried,2,60,0,0
36,668471.0,707575.0,744,Self-Employed,0,36,0,1
63,547630.0,569777.0,590,Salaried,1,24,1,1
49,273767.0,78245.0,663,Business,2,12,0,0
40,665316.0,140316.0,557,Salaried,0,24,0,0
31,568706.0,482055.0,549,Business,1,12,0,0
64,316369.0,757964.0,729,Self-Employed,1,12,2,1
46,581561.0,457973.0,525,Salaried,0,60,2,0
21,814530.0,361699.0,438,Salaried,0,48,2,1
45,444184.0,672488.0,708,Business,2,48,0,0
53,635373.0,800406.0,325,Salaried,0,60,0,1
60,887323.0,412308.0,467,Salaried,0,12,0,0
35,708651.0,453730.0,833,Salaried,0,60,0,0
58,573170.0,541481.0,402,Self-Employed,1,12,0,1
60,779646.0,570529.0,746,Salaried,2,48,1,0
35,276623.0,385370.0,631,Salaried,2,60,0,1
48,758707.0,389227.0,462,Salaried,1,24,1,1
23,665885.0,161836.0,523,Salaried,2,60,0,0
38,737137.0,234326.0,300,Salaried,2,48,0,0
22,739995.0,352255.0,418,Self-Employed,1,24,1,0
23,890497.0,164705.0,588,Salaried,1,12,1,0
51,704760.0,349830.0,354,Salaried,0,24,0,0
30,648722.0,1009405.0,500,Salaried,1,36,0,1
44,535623.0,404648.0,841,Business,0,12,1,0
25,1175706.0,477728.0,320,Business,2,60,0,0
57,460915.0,631273.0,811,Self-Employed,2,36,0,1
51,684404.0,336467.0,428,Self-Employed,1,36,0,0
37,862367.0,559599.0,844,Salaried,0,60,0,0
26,540405.0,167322.0,687,Business,2,48,0,0
60,913011.0,289860.0,700,Salaried,2,12,0,0
22,381243.0,59904.0,538,Salaried,0,60,1,0
47,404334.0,310435.0,772,Salaried,1,60,0,0
53,938840.0,446058.0,609,Salaried,0,48,0,0
34,724432.0,222035.0,674,Self-Employed,2,48,0,1
32,410103.0,291523.0,504,Business,0,48,0,0
60,964769.0,403764.0,398,Business,2,24,0,0
32,596171.0,127557.0,804,Salaried,0,36,1,0
54,994288.0,218312.0,418,Business,2,60,1,0
58,840031.0,305991.0,633,Business,2,60,0,0
45,443634.0,555528.0,432,Self-Employed,0,24,0,1
47,163059.0,568411.0,802,Business,2,48,1,1
41,937365.0,508591.0,883,Salaried,0,48,0,0
53,973288.0,572120.0,310,Salaried,0,36,0,0
59,642685.0,318895.0,305,Salaried,3,12,0,0
49,664225.0,380788.0,716,Salaried,1,60,1,0
39,402017.0,726223.0,892,Salaried,2,36,2,0
22,870822.0,321964.0,620,Self-Employed,1,48,0,0
31,847234.0,673498.0,633,Self-Employed,0,60,0,0
31,330521.0,353125.0,661,Salaried,0,12,4,1
61,279034.0,282042.0,582,Salaried,1,36,0,1
23,551478.0,525531.0,361,Salaried,0,24,1,1
52,661781.0,50000.0,535,Self-Employed,0,60,1,1
60,530416.0,179064.0,436,Salaried,0,12,0,0
52,671656.0,339355.0,539,Salaried,1,48,0,1
36,855431.0,762690.0,372,Business,1,12,0,1
27,398643.0,381413.0,379,Business,1,48,0,1
41,896720.0,318945.0,882,Salaried,2,48,0,0
43,269627.0,368721.0,534,Self-Employed,0,48,0,0
29,916763.0,335904.0,307,Business,1,48,2,1
38,773310.0,642859.0,806,Self-Employed,1,48,1,1
52,768124.0,689952.0,878,Business,0,24,1,0
28,1081821.0,127302.0,605,Business,2,60,1,0
63,317890.0,462036.0,846,Salaried,3,24,0,1
30,648810.0,592900.0,589,Salaried,1,12,0,0
48,552123.0,360181.0,483,Salaried,2,36,1,0
58,985001.0,307080.0,691,Salaried,3,60,2,1
52,1049015.0,697462.0,448,Salaried,1,24,1,0
29,636263.0,225525.0,876,Business,0,60,0,0
59,667002.0,587670.0,541,Salaried,1,48,0,1
21,906794.0,335812.0,870,Salaried,1,24,0,0
52,469919.0,132656.0,393,Salaried,2,36,0,1
44,513867.0,77329.0,305,Self-Employed,5,12,0,0
53,772214.0,717640.0,412,Salaried,3,12,0,1
28,497325.0,589836.0,528,Salaried,1,48,1,1
21,729733.0,465412.0,412,Salaried,0,24,0,1
51,243035.0,159811.0,369,Self-Employed,4,24,0,1
48,668916.0,234113.0,545,Salaried,3,24,0,0
56,922677.0,50000.0,828,Self-Employed,0,36,0,0
41,999216.0,50000.0,776,Salaried,0,48,1,0
21,829888.0,392751.0,543,Salaried,0,24,1,0
61,719191.0,207879.0,387,Business,0,48,0,0
23,872285.0,107925.0,607,Salaried,0,36,0,1
27,676251.0,234717.0,603,Salaried,2,48,1,0
55,823789.0,359937.0,337,Salaried,1,60,0,1
34,904986.0,435583.0,361,Self-Employed,0,24,0,0
49,171675.0,449470.0,694,Business,1,60,4,1
25,898818.0,134218.0,597,Business,1,12,1,0
41,1105000.0,315312.0,431,Business,0,48,1,0
38,1050966.0,270730.0,705,Business,0,24,0,0
60,212354.0,435667.0,519,Salaried,2,36,1,1
43,460187.0,191077.0,483,Salaried,0,24,1,1
39,470148.0,441205.0,563,Business,1,48,0,1
52,780851.0,275310.0,634,Salaried,0,12,2,0
44,403486.0,316494.0,543,Business,1,48,1,0
35,305492.0,370888.0,642,Salaried,2,36,0,1
37,584195.0,272759.0,395,Salaried,0,36,0,0
38,919934.0,109716.0,428,Salaried,1,12,0,0
28,866636.0,365841.0,456,Self-Employed,0,48,1,0
28,801026.0,601443.0,524,Salaried,0,24,1,0
56,544854.0,544873.0,889,Business,0,24,1,0
21,471031.0,466509.0,772,Salaried,0,60,1,1
42,446906.0,302386.0,849,Self-Employed,0,24,2,0
50,648563.0,99508.0,576,Salaried,2,36,0,0
51,342682.0,560456.0,389,Business,1,36,1,1
30,699346.0,312920.0,569,Salaried,0,24,1,0
30,616007.0,328466.0,369,Salaried,1,60,0,0
22,551486.0,535535.0,532,Salaried,1,60,1,1
41,640475.0,412737.0,810,Salaried,1,24,1,0
37,753723.0,849906.0,724,Business,1,24,3,1
36,660288.0,457498.0,870,Salaried,0,12,0,0
63,150000.0,318143.0,762,Salaried,1,36,1,1
47,809478.0,357052.0,431,Self-Employed,1,36,0,1
56,808257.0,194143.0,567,Self-Employed,2,36,3,1
23,848426.0,702588.0,397,Business,2,48,2,1
40,1090810.0,321841.0,371,Self-Employed,0,12,0,0
26,390637.0,245981.0,457,Self-Employed,1,60,0,0
34,756741.0,687598.0,428,Business,1,12,2,1
23,502049.0,305728.0,376,Salaried,0,36,0,0
53,982709.0,336513.0,568,Salaried,2,24,0,0
61,292925.0,471218.0,557,Salaried,1,12,0,0
59,568848.0,530461.0,597,Self-Employed,1,48,0,1
52,797816.0,469238.0,589,Self-Employed,0,12,0,0
32,601510.0,164946.0,636,Self-Employed,0,24,1,0
43,594154.0,287506.0,580,Salaried,0,12,0,0
21,592697.0,253693.0,324,Salaried,0,36,0,0
42,297814.0,246869.0,491,Business,1,36,1,1
64,372810.0,664230.0,587,Business,0,60,3,1
22,150000.0,94496.0,878,Salaried,6,60,2,0
35,283649.0,323096.0,481,Business,2,24,0,1
39,775543.0,314495.0,497,Salaried,1,36,0,0
56,774792.0,638929.0,815,Self-Employed,0,36,0,1
31,1086184.0,89634.0,825,Self-Employed,2,60,0,0
55,591148.0,201809.0,383,Business,1,24,1,1
27,150000.0,582064.0,596,Salaried,2,24,2,1
31,639910.0,231120.0,493,Self-Employed,0,24,1,1
47,775475.0,349029.0,817,Business,2,24,0,0
35,921419.0,410739.0,677,Self-Employed,2,36,0,0
28,1320212.0,517898.0,314,Self-Employed,4,48,1,1
50,481915.0,633888.0,812,Salaried,2,36,0,0
51,844169.0,235657.0,812,Salaried,1,24,0,0
63,552277.0,109941.0,730,Self-Employed,1,24,1,0
45,222409.0,415398.0,890,Salaried,1,60,0,0
29,502855.0,428891.0,719,Business,2,48,0,1
46,385036.0,585796.0,446,Salaried,2,48,1,1
52,575883.0,413001.0,447,Salaried,1,48,0,0
62,464922.0,367382.0,376,Business,1,60,0,1
63,1155645.0,355163.0,788,Business,1,36,1,0
45,716541.0,321908.0,329,Salaried,0,24,0,0
35,519406.0,358470.0,581,Business,1,36,1,0
56,863015.0,380992.0,714,Salaried,2,24,0,0
36,711962.0,310336.0,516,Salaried,0,48,0,0
31,475798.0,313692.0,505,Salaried,0,36,2,0
54,297116.0,50000.0,467,Salaried,3,60,0,0
31,604233.0,587687.0,673,Salaried,1,24,2,0
63,382402.0,663422.0,616,Business,1,36,1,0
48,224245.0,280394.0,302,Salaried,0,48,0,0
50,800937.0,505271.0,629,Salaried,1,24,1,0
52,846638.0,676442.0,391,Salaried,1,60,1,0
29,1085408.0,495980.0,772,Salaried,1,60,1,1
64,714313.0,565565.0,488,Business,0,12,2,0
29,746486.0,482250.0,697,Business,0,48,1,0
44,364004.0,548825.0,790,Business,0,24,2,1
57,850689.0,378493.0,469,Salaried,4,60,1,0
37,453283.0,634422.0,379,Business,1,36,0,1
26,938325.0,392535.0,393,Self-Employed,0,24,0,0
52,662355.0,602132.0,507,Self-Employed,0,60,1,1
63,444288.0,154161.0,610,Salaried,1,60,0,0
33,377500.0,163042.0,585,Business,0,36,1,0
40,876733.0,252348.0,524,Salaried,2,36,0,0
24,680655.0,506987.0,446,Salaried,1,48,0,0
33,337532.0,461800.0,854,Business,1,36,0,0
59,539203.0,50000.0,355,Self-Employed,2,48,0,0
33,375581.0,411647.0,681,Salaried,0,60,1,0
55,1076734.0,255581.0,307,Salaried,1,24,0,0
26,896657.0,411944.0,889,Self-Employed,1,36,1,0
37,310541.0,281854.0,569,Salaried,0,48,1,1
56,1394246.0,391750.0,542,Salaried,1,60,0,0
25,846829.0,373047.0,881,Salaried,1,36,2,0
47,837823.0,134757.0,670,Salaried,1,48,1,0
38,840174.0,306891.0,681,Salaried,1,12,0,0
61,557788.0,66831.0,807,Business,3,12,0,0
42,727611.0,265308.0,577,Salaried,0,12,0,0
25,732521.0,50000.0,874,Self-Employed,4,36,1,0
39,683290.0,597927.0,778,Business,0,12,0,0
54,522680.0,329823.0,837,Salaried,1,60,0,0
24,455699.0,576261.0,604,Salaried,2,24,1,1
35,856362.0,411960.0,801,Self-Employed,1,48,0,0
24,588992.0,672062.0,486,Salaried,1,12,0,1
27,889191.0,491261.0,340,Self-Employed,1,24,0,0
43,363031.0,225579.0,554,Salaried,0,36,0,1
50,215078.0,72322.0,543,Salaried,0,24,0,0
28,920380.0,246741.0,345,Salaried,0,12,0,0
22,696276.0,658813.0,719,Business,0,60,1,1
34,244092.0,576223.0,867,Business,0,36,1,1
40,580507.0,393477.0,531,Business,1,12,2,0
59,707309.0,325466.0,715,Salaried,1,48,0,0
25,616677.0,809181.0,357,Salaried,0,36,1,1
37,607786.0,688905.0,466,Business,1,24,2,1
57,459201.0,366589.0,720,Salaried,0,36,2,0
32,1147130.0,124884.0,687,Salaried,0,60,0,0
40,569681.0,563377.0,735,Self-Employed,0,60,0,1
29,468170.0,354449.0,642,Salaried,0,24,0,0
55,871032.0,292967.0,357,Salaried,2,60,0,0
36,373275.0,530144.0,359,Salaried,3,24,0,1
61,706215.0,149035.0,529,Salaried,1,12,1,0
47,592718.0,597374.0,514,Business,0,48,1,1
24,456627.0,423829.0,601,Salaried,2,24,0,1
46,770201.0,461980.0,356,Self-Employed,1,12,2,1
49,1055032.0,300234.0,647,Salaried,1,12,1,0
23,573582.0,634543.0,680,Business,1,60,1,0
54,266400.0,358818.0,400,Salaried,2,24,1,1
62,150000.0,636839.0,732,Salaried,0,36,1,1
64,516765.0,515191.0,360,Salaried,1,48,3,1
51,962709.0,469488.0,894,Salaried,1,60,0,0
43,385499.0,728916.0,452,Salaried,2,24,0,1
46,592460.0,356347.0,393,Salaried,2,48,0,0
62,930532.0,188878.0,338,Salaried,1,48,0,0
43,736445.0,378601.0,497,Business,1,12,0,0
64,907144.0,442604.0,395,Salaried,1,24,1,0
28,637471.0,451520.0,635,Salaried,1,48,1,1
45,762407.0,360449.0,479,Salaried,0,36,0,0
52,273247.0,805616.0,697,Salaried,1,36,2,1
31,948889.0,470288.0,729,Salaried,4,12,1,0
36,434910.0,522794.0,431,Salaried,2,36,0,1
52,801373.0,302571.0,493,Salaried,0,12,0,0
46,961189.0,636235.0,445,Salaried,1,60,1,0
43,794261.0,194478.0,888,Self-Employed,2,24,1,0
57,571696.0,424250.0,810,Self-Employed,5,12,1,0
43,569349.0,641424.0,644,Salaried,0,36,1,0
52,767925.0,386426.0,735,Salaried,0,36,1,0
51,540414.0,50000.0,523,Salaried,1,60,1,1
25,189475.0,569703.0,460,Business,1,60,0,1
26,725493.0,324232.0,556,Business,0,24,0,0
49,851299.0,363771.0,654,Self-Employed,2,60,1,0
57,1086646.0,717748.0,773,Business,2,48,0,0
36,772714.0,292753.0,879,Salaried,1,24,2,0
37,508415.0,389233.0,408,Salaried,1,36,2,0
42,920301.0,264164.0,461,Salaried,1,60,1,0
23,437030.0,500012.0,371,Self-Employed,1,60,3,1
42,150000.0,208107.0,553,Business,1,24,0,1
50,347934.0,213934.0,879,Salaried,2,60,1,0
25,418050.0,502790.0,711,Salaried,2,60,1,0
42,747505.0,238586.0,724,Salaried,3,36,0,0
28,557280.0,385001.0,739,Self-Employed,0,48,0,0
41,246066.0,427465.0,843,Business,2,60,1,0
41,537975.0,441471.0,489,Salaried,0,36,3,1
41,688471.0,360206.0,790,Self-Employed,0,60,0,0
35,1148430.0,631887.0,534,Salaried,1,36,1,1
23,702906.0,205450.0,730,Salaried,0,36,0,0
29,331246.0,133079.0,649,Salaried,2,60,1,0
28,347811.0,254233.0,519,Salaried,2,60,0,0
43,295468.0,308016.0,809,Salaried,1,48,1,0
59,851421.0,373625.0,865,Business,3,60,0,0
34,786112.0,291564.0,468,Self-Employed,2,60,0,0
34,485348.0,75340.0,585,Self-Employed,0,48,1,0
45,706993.0,863836.0,339,Salaried,1,24,0,0
35,766893.0,314124.0,889,Self-Employed,0,60,1,0
37,599500.0,381715.0,777,Salaried,1,36,1,0
27,562912.0,226648.0,504,Salaried,1,36,2,0
49,328313.0,342953.0,384,Salaried,1,12,1,1
59,691485.0,180350.0,612,Salaried,2,36,0,0
25,618277.0,622126.0,646,Salaried,0,12,0,0
60,330815.0,50000.0,792,Salaried,1,48,1,0
63,675239.0,416264.0,370,Salaried,0,12,0,0
24,807841.0,122226.0,777,Salaried,0,12,1,0
40,795514.0,419352.0,829,Self-Employed,2,60,1,0
32,241234.0,371887.0,323,Salaried,2,12,0,1
51,635314.0,354111.0,858,Self-Employed,0,60,2,0
57,582337.0,238130.0,669,Salaried,1,48,0,1
37,504725.0,242877.0,561,Salaried,2,48,0,1
23,1101845.0,528849.0,857,Salaried,2,60,2,0
31,842582.0,351161.0,557,Salaried,0,48,1,1
29,1045156.0,264580.0,695,Salaried,1,24,0,0
61,426091.0,381976.0,756,Self-Employed,0,12,0,0
23,153726.0,650538.0,625,Business,2,60,0,1
64,701900.0,405109.0,663,Salaried,1,48,0,0
52,426558.0,432496.0,602,Self-Employed,1,48,2,1
26,727799.0,497345.0,513,Salaried,2,12,1,0
27,512067.0,430035.0,824,Business,1,24,0,0
29,607343.0,171357.0,513,Self-Employed,4,36,1,1
53,877155.0,449777.0,666,Salaried,1,60,1,0
60,371829.0,58450.0,368,Self-Employed,1,24,0,0
40,1204733.0,149818.0,882,Self-Employed,0,36,1,1
60,867231.0,470914.0,589,Salaried,1,12,0,0
45,777968.0,362282.0,835,Salaried,0,24,0,0
64,650960.0,293285.0,557,Self-Employed,1,24,1,0
58,889390.0,548567.0,653,Salaried,0,36,0,0
42,702929.0,622865.0,749,Salaried,1,48,1,1
54,924771.0,711343.0,772,Self-Employed,1,12,1,0
50,787490.0,194913.0,850,Business,1,36,0,0
31,790970.0,237854.0,554,Salaried,2,48,1,1
40,452081.0,413728.0,359,Salaried,0,24,0,0
46,906268.0,270574.0,681,Salaried,3,60,0,1
42,292700.0,870121.0,506,Business,0,48,1,0
48,478057.0,515404.0,899,Salaried,1,12,0,1
41,332635.0,431732.0,886,Business,2,36,1,1
44,263179.0,457758.0,853,Salaried,1,12,1,0
24,719049.0,585255.0,583,Salaried,3,12,0,1
47,527429.0,123869.0,310,Salaried,1,12,1,0
62,619992.0,589499.0,537,Self-Employed,3,24,0,1
43,358608.0,593690.0,487,Salaried,1,24,1,1
59,794401.0,539854.0,750,Self-Employed,0,36,1,0
50,235239.0,265221.0,876,Self-Employed,0,36,1,0
47,584903.0,376709.0,444,Self-Employed,1,36,0,1
51,150000.0,594146.0,356,Self-Employed,1,48,1,1
42,632861.0,389940.0,793,Business,0,48,0,0
30,823609.0,505959.0,437,Salaried,0,24,0,0
48,557874.0,548757.0,542,Salaried,1,60,1,1
23,981741.0,486367.0,625,Salaried,1,24,0,0
60,792659.0,241837.0,321,Self-Employed,2,36,4,1
44,432518.0,399107.0,351,Business,3,24,0,1
32,971027.0,50000.0,403,Self-Employed,0,24,0,0
56,685459.0,274197.0,825,Business,2,24,1,0
39,198729.0,379668.0,606,Business,0,36,2,1
52,573771.0,164385.0,565,Self-Employed,1,60,0,0
53,540643.0,714842.0,781,Salaried,1,12,0,1
36,717775.0,343435.0,341,Business,0,60,2,1
63,753053.0,414411.0,474,Business,0,36,1,1
57,590040.0,453751.0,871,Salaried,1,48,1,0
51,547857.0,311007.0,696,Salaried,3,24,0,0
36,426789.0,371144.0,701,Salaried,2,12,0,0
36,653213.0,203267.0,735,Business,2,36,1,0
32,762972.0,673591.0,677,Business,1,12,0,1
30,589362.0,352134.0,488,Salaried,0,60,1,0
56,902445.0,371335.0,552,Business,1,24,0,0
37,185248.0,197094.0,497,Self-Employed,0,48,0,0
53,538248.0,677621.0,345,Self-Employed,3,48,0,1
33,310915.0,555731.0,588,Salaried,0,48,0,1
35,507197.0,310862.0,400,Salaried,3,36,1,1
32,495727.0,516767.0,497,Self-Employed,3,48,0,1
50,578197.0,404026.0,537,Salaried,3,48,0,1
56,583913.0,301358.0,811,Self-Employed,1,36,0,0
39,354246.0,380506.0,884,Salaried,1,24,0,0
37,737009.0,668940.0,359,Business,1,60,0,1
42,567746.0,458417.0,657,Salaried,0,48,0,1
46,526282.0,638937.0,722,Self-Employed,0,60,0,0
55,1050422.0,504673.0,361,Salaried,0,60,1,0
31,683966.0,262199.0,494,Salaried,2,60,0,0
48,150000.0,353205.0,380,Salaried,3,12,1,1
38,150000.0,183294.0,331,Salaried,1,60,1,1
28,568367.0,372319.0,831,Salaried,1,12,0,0
43,870273.0,147519.0,594,Salaried,1,12,2,0
59,891649.0,192896.0,546,Business,0,36,1,0
48,298597.0,381712.0,861,Self-Employed,0,24,0,0
24,474957.0,667934.0,523,Salaried,0,60,0,1
34,845755.0,178124.0,463,Salaried,1,60,0,0
30,438200.0,481870.0,822,Self-Employed,0,24,0,1
46,558123.0,400270.0,741,Business,0,48,0,0
35,787133.0,545857.0,769,Salaried,0,36,1,0
34,1183603.0,596588.0,594,Salaried,0,36,1,0
62,600501.0,470699.0,493,Business,1,36,0,0
29,150000.0,466585.0,531,Salaried,0,12,0,1
61,1087596.0,506937.0,808,Business,3,12,1,1
59,334989.0,51764.0,529,Self-Employed,2,60,0,0
41,1086841.0,55504.0,743,Self-Employed,3,24,0,0
51,264283.0,499054.0,345,Business,2,60,1,1
60,644701.0,627563.0,368,Salaried,0,48,2,1
41,731671.0,50000.0,650,Self-Employed,2,24,0,0
61,1241294.0,201571.0,886,Business,2,24,0,0
37,622519.0,354025.0,455,Salaried,0,36,0,0
53,725897.0,706784.0,450,Salaried,3,48,0,1
46,261439.0,407575.0,593,Self-Employed,0,60,2,1
24,899433.0,189714.0,557,Self-Employed,0,12,1,0
42,595696.0,340446.0,718,Business,1,60,1,0
26,520055.0,490771.0,581,Salaried,0,48,1,1
54,870376.0,838039.0,542,Business,1,12,1,1
29,513514.0,443545.0,426,Salaried,3,48,1,1
50,529476.0,383749.0,556,Business,2,60,1,0
34,602103.0,476589.0,781,Salaried,2,48,0,0
60,708400.0,312743.0,559,Salaried,3,24,0,0
64,937640.0,740955.0,539,Salaried,0,48,0,0
59,602233.0,682086.0,703,Self-Employed,1,48,3,1
50,418538.0,326582.0,359,Self-Employed,2,36,0,1
54,698986.0,50000.0,330,Salaried,1,36,0,0
33,524627.0,299375.0,869,Salaried,0,24,1,0
61,724613.0,362790.0,389,Self-Employed,1,24,0,1
32,613286.0,85947.0,881,Salaried,1,36,0,0
22,863704.0,374913.0,673,Salaried,1,24,2,0
42,481389.0,95326.0,740,Salaried,1,12,0,0
48,847240.0,208968.0,561,Salaried,1,36,0,0
62,452577.0,539983.0,561,Salaried,0,60,1,1
49,908409.0,480871.0,770,Salaried,3,60,1,0
54,968527.0,455491.0,453,Salaried,4,36,0,0
22,419150.0,405907.0,844,Salaried,0,24,1,0
33,658634.0,146542.0,695,Salaried,0,60,0,0
46,656762.0,235993.0,532,Self-Employed,1,60,0,0
27,656258.0,244734.0,380,Salaried,1,48,0,1
56,1181912.0,629019.0,620,Business,0,60,0,1
31,496859.0,319455.0,584,Salaried,0,36,1,0
46,863525.0,372656.0,413,Self-Employed,1,60,0,1
40,794794.0,669201.0,451,Self-Employed,2,24,1,1
43,282167.0,449458.0,766,Salaried,1,36,0,1
38,751822.0,789610.0,558,Salaried,1,12,2,1
59,806787.0,50000.0,556,Self-Employed,0,36,0,0
50,692726.0,571960.0,468,Salaried,1,60,0,1
53,1271209.0,677260.0,583,Salaried,0,24,1,0
27,392049.0,551464.0,724,Salaried,1,24,0,0
37,449672.0,127278.0,745,Salaried,2,24,2,0
34,163786.0,560719.0,679,Business,0,36,0,1
35,532265.0,482649.0,658,Self-Employed,1,60,1,1
22,1033655.0,251950.0,635,Salaried,2,24,2,0
51,704415.0,535646.0,645,Salaried,1,48,0,0
38,876401.0,723942.0,473,Salaried,2,48,0,1
55,218266.0,516061.0,451,Salaried,0,24,0,1
54,877236.0,287581.0,725,Salaried,1,24,2,0
21,498931.0,654693.0,771,Salaried,0,24,0,1
40,596540.0,424834.0,897,Salaried,1,48,0,0
63,707562.0,313533.0,706,Business,1,24,0,0
49,729644.0,523344.0,764,Self-Employed,1,24,2,0
26,1168774.0,581740.0,871,Salaried,1,36,1,0
41,266307.0,542105.0,313,Business,0,36,0,1
40,549928.0,496000.0,814,Business,6,12,1,1
61,881142.0,373001.0,495,Salaried,2,12,0,1
22,1255435.0,662541.0,305,Salaried,2,24,1,0
36,869494.0,197664.0,714,Self-Employed,2,60,1,0
36,587233.0,50000.0,858,Salaried,1,12,0,0
38,978604.0,730225.0,498,Self-Employed,1,24,1,0
30,307756.0,322742.0,645,Salaried,4,60,1,1
46,670949.0,539384.0,652,Salaried,0,48,0,0
54,599334.0,601155.0,529,Salaried,2,60,3,1
23,1085266.0,255999.0,506,Business,0,12,0,0
59,908268.0,492110.0,476,Salaried,2,48,0,0
21,781621.0,391987.0,633,Self-Employed,1,48,0,0
49,359503.0,207131.0,367,Self-Employed,2,24,0,0
21,936937.0,456697.0,381,Salaried,3,48,0,1
29,589402.0,142757.0,383,Self-Employed,0,24,0,0
27,672875.0,401859.0,345,Self-Employed,1,36,2,0
49,528947.0,204094.0,321,Salaried,2,24,1,1
49,151381.0,116046.0,526,Salaried,1,12,2,0
53,582973.0,424356.0,550,Business,1,12,0,0
38,1150930.0,402424.0,303,Self-Employed,1,60,1,1
42,874668.0,564429.0,376,Salaried,0,24,1,1
54,748754.0,866271.0,438,Self-Employed,1,36,2,1
28,872003.0,441639.0,556,Self-Employed,1,24,1,0
25,670773.0,88939.0,805,Salaried,0,48,0,0
26,588324.0,772440.0,609,Self-Employed,0,60,0,1
58,178701.0,587825.0,693,Business,2,24,0,1
51,687188.0,446953.0,316,Business,1,48,0,0
50,752219.0,317331.0,598,Self-Employed,2,36,1,1
54,731042.0,116764.0,377,Self-Employed,0,12,0,0
26,238758.0,333813.0,384,Business,2,60,2,1
45,441007.0,527881.0,598,Business,1,12,1,1
21,805254.0,264542.0,414,Self-Employed,1,24,0,0
60,367420.0,282830.0,316,Salaried,0,60,0,0
37,339909.0,314175.0,636,Salaried,0,36,0,0
37,418842.0,471559.0,365,Salaried,0,12,0,0
33,440099.0,285821.0,419,Salaried,1,60,0,0
43,165051.0,562510.0,767,Business,0,60,1,0
24,485159.0,545268.0,309,Salaried,1,60,0,1
41,413943.0,465951.0,395,Salaried,0,60,0,1
25,1009392.0,530830.0,528,Salaried,1,24,0,0
27,495718.0,555963.0,479,Self-Employed,0,48,3,1
58,984286.0,356260.0,490,Self-Employed,0,12,0,1
35,541534.0,290938.0,799,Self-Employed,0,48,0,0
27,632361.0,385278.0,741,Business,1,48,1,0
28,599879.0,454062.0,430,Self-Employed,0,48,0,0
27,649116.0,459140.0,486,Salaried,1,12,0,0
58,270068.0,327753.0,613,Self-Employed,2,60,1,1
54,286318.0,272708.0,334,Salaried,0,12,0,1
32,462002.0,181479.0,420,Self-Employed,1,60,2,0
45,1005268.0,683166.0,565,Self-Employed,0,12,1,0
36,1063043.0,260684.0,702,Business,0,60,0,0
64,535130.0,452345.0,789,Self-Employed,1,12,0,1
36,700547.0,261580.0,776,Salaried,0,24,0,0
36,788161.0,309241.0,402,Business,0,48,2,0
22,471468.0,541564.0,354,Salaried,2,36,0,1
28,251631.0,488136.0,427,Salaried,0,60,1,1
54,780410.0,505275.0,388,Business,2,12,0,0
50,186728.0,216729.0,514,Business,1,12,1,1
47,219113.0,240071.0,374,Self-Employed,0,36,1,1
48,800301.0,328213.0,712,Self-Employed,0,12,0,0
35,540954.0,219839.0,585,Business,0,60,2,0
24,793985.0,717023.0,400,Salaried,1,48,2,1
48,797664.0,381230.0,354,Salaried,0,12,0,0
37,556439.0,523148.0,812,Salaried,2,24,0,0
61,740970.0,638115.0,891,Business,1,48,2,1
33,578775.0,457872.0,440,Salaried,0,12,0,0
37,895658.0,409418.0,853,Salaried,1,36,1,0
28,465727.0,307986.0,659,Self-Employed,3,24,2,0
58,508505.0,386703.0,417,Salaried,3,60,0,1
28,729452.0,624081.0,522,Self-Employed,0,12,0,1
34,206300.0,290541.0,339,Business,0,48,1,1
32,989590.0,92716.0,502,Self-Employed,0,60,0,1
39,376025.0,559686.0,536,Salaried,1,24,1,1
30,645997.0,370420.0,591,Business,0,60,0,0
30,599859.0,380175.0,595,Business,0,24,0,0
23,337163.0,279143.0,676,Self-Employed,1,60,1,1
54,558894.0,336068.0,739,Self-Employed,2,48,0,1
25,530788.0,288424.0,536,Business,1,24,0,0
23,826684.0,568806.0,772,Salaried,2,12,1,0
51,658425.0,315788.0,560,Business,2,12,1,0
45,150000.0,423973.0,326,Self-Employed,2,36,1,1
26,776065.0,266986.0,405,Business,5,36,1,1
23,346871.0,347517.0,748,Salaried,0,24,0,1
29,564645.0,232939.0,375,Salaried,2,12,0,1
23,510591.0,76675.0,567,Salaried,0,48,1,0
45,454848.0,253189.0,667,Self-Employed,2,60,0,0
45,632967.0,356059.0,348,Self-Employed,2,24,1,0
59,925585.0,200341.0,550,Self-Employed,1,12,1,0
31,1069493.0,50000.0,348,Self-Employed,1,24,1,1
46,646425.0,565874.0,833,Salaried,0,36,0,0
28,370097.0,76505.0,342,Salaried,1,24,0,0
44,798550.0,853327.0,880,Salaried,2,60,1,1
40,318098.0,382760.0,535,Self-Employed,0,12,0,1
23,615007.0,623095.0,896,Salaried,0,24,1,1
30,936239.0,323143.0,739,Business,1,12,1,0
58,618412.0,306006.0,570,Salaried,0,48,1,0
64,518440.0,383290.0,360,Self-Employed,1,24,0,0
42,1004904.0,428659.0,311,Salaried,1,36,0,0
29,299565.0,108964.0,623,Self-Employed,3,36,0,0
52,330307.0,620810.0,833,Business,1,36,1,1
48,603980.0,689079.0,454,Business,2,48,1,1
23,825568.0,604006.0,672,Salaried,1,48,0,0
42,735284.0,371676.0,503,Salaried,0,36,0,0
45,931532.0,294913.0,303,Salaried,0,24,1,0
24,390529.0,102873.0,568,Self-Employed,1,60,1,0
43,968406.0,550027.0,398,Salaried,0,12,0,0
50,684821.0,252168.0,426,Salaried,2,24,1,0
62,603659.0,221440.0,560,Self-Employed,1,36,1,0
56,883908.0,768699.0,873,Self-Employed,1,60,0,1
46,252954.0,584643.0,360,Self-Employed,1,48,2,1
51,1375773.0,192738.0,308,Self-Employed,1,24,0,0
29,171724.0,263722.0,820,Salaried,2,60,1,1
43,818814.0,319788.0,773,Business,0,24,0,1
27,979515.0,263679.0,699,Salaried,0,36,0,0
26,454720.0,336645.0,862,Salaried,1,48,0,0
44,751933.0,442504.0,804,Salaried,0,36,0,0
53,861350.0,491682.0,490,Self-Employed,1,36,1,1
64,916080.0,766511.0,691,Self-Employed,0,60,1,1
52,942789.0,553238.0,627,Salaried,0,12,0,0
63,402320.0,238456.0,833,Salaried,1,12,0,0
25,676343.0,478906.0,683,Business,0,48,1,0
37,307029.0,315865.0,629,Salaried,0,24,1,1
23,150000.0,65882.0,899,Salaried,1,48,0,0
26,855103.0,632109.0,687,Business,0,60,0,0
43,714782.0,614784.0,683,Business,1,60,2,1
50,462036.0,506522.0,538,Business,0,36,0,0
45,558674.0,324217.0,458,Salaried,1,36,0,0
41,1122203.0,50000.0,828,Self-Employed,0,24,1,0
41,758170.0,180756.0,633,Salaried,0,24,1,0
39,342312.0,251403.0,896,Salaried,2,48,0,0
22,728268.0,168642.0,451,Salaried,0,24,0,0
35,849808.0,105317.0,605,Salaried,1,12,0,0
45,645955.0,424544.0,888,Salaried,1,48,1,0
26,254429.0,179125.0,812,Salaried,0,60,1,0
62,611313.0,794136.0,363,Salaried,0,48,0,1
53,382333.0,471098.0,489,Business,1,60,1,1
25,550581.0,600143.0,392,Business,2,12,0,1
41,883452.0,451255.0,545,Business,1,36,0,0
52,464435.0,280391.0,547,Business,1,60,1,0
53,335747.0,98875.0,404,Salaried,0,36,0,0
50,663409.0,511944.0,515,Salaried,3,12,0,0
31,815212.0,564522.0,492,Salaried,0,60,0,0
48,857806.0,715766.0,895,Self-Employed,0,60,0,0
44,478034.0,431653.0,379,Salaried,1,36,0,1
31,552883.0,346672.0,434,Salaried,0,60,0,0
38,657726.0,215885.0,509,Salaried,0,24,0,0
61,295493.0,545215.0,557,Self-Employed,1,36,2,1
42,438722.0,390794.0,469,Business,1,60,1,1
59,639784.0,114727.0,479,Salaried,0,12,0,0
29,689323.0,615110.0,753,Self-Employed,0,24,1,1
31,656237.0,125995.0,366,Salaried,0,36,2,0
24,570395.0,354612.0,450,Salaried,0,48,0,1
51,186511.0,316181.0,785,Self-Employed,1,24,0,1
23,351766.0,456101.0,682,Business,2,36,0,1
21,760798.0,408656.0,762,Business,1,60,0,0
58,1005127.0,474179.0,453,Salaried,0,24,1,0
59,964799.0,297805.0,849,Salaried,0,60,3,1
57,422966.0,454476.0,806,Self-Employed,0,48,1,1
42,652495.0,329840.0,522,Salaried,0,48,2,1
54,759320.0,427255.0,583,Self-Employed,1,24,0,0
44,572513.0,254397.0,786,Salaried,0,12,1,0
26,730293.0,123913.0,395,Self-Employed,2,60,1,1
40,273331.0,284416.0,852,Business,4,24,0,1
61,845621.0,315319.0,689,Salaried,0,12,1,0
23,684596.0,669848.0,579,Salaried,5,36,0,1
47,582614.0,606677.0,825,Business,2,60,1,1
26,749511.0,50000.0,671,Salaried,2,60,0,1
32,150000.0,338623.0,547,Salaried,1,60,0,1
59,660773.0,478246.0,852,Self-Employed,0,48,0,0
54,496999.0,408381.0,470,Salaried,1,48,2,1
41,223216.0,787680.0,590,Salaried,1,48,0,0
24,772105.0,605730.0,558,Self-Employed,0,24,0,1
25,416028.0,379401.0,817,Self-Employed,1,36,1,0
27,899402.0,70220.0,670,Salaried,1,48,0,0
44,325596.0,436062.0,390,Salaried,2,60,1,1
36,564979.0,403911.0,858,Self-Employed,1,12,1,0
50,733463.0,390270.0,593,Salaried,4,24,0,0
57,645969.0,508147.0,748,Salaried,2,24,1,0
28,751600.0,75737.0,825,Self-Employed,2,48,0,0
59,861413.0,129932.0,842,Salaried,0,36,0,0
64,673943.0,246145.0,819,Business,3,24,0,0
27,640998.0,344758.0,772,Salaried,1,36,0,0
32,501405.0,207486.0,351,Self-Employed,0,60,2,1
26,615495.0,589763.0,792,Business,0,36,0,1
45,601636.0,396402.0,421,Salaried,0,48,0,0
50,990398.0,671614.0,739,Salaried,3,12,1,1
31,662572.0,249789.0,780,Business,0,12,1,1
50,701078.0,202577.0,550,Salaried,0,48,2,0
63,320677.0,83979.0,869,Salaried,1,24,0,0
57,580403.0,677748.0,483,Business,0,36,1,1
46,1229063.0,690184.0,420,Salaried,3,12,2,1
31,1017220.0,363448.0,794,Salaried,2,36,0,0
43,570853.0,666378.0,729,Salaried,0,36,1,0
37,529844.0,436908.0,801,Salaried,1,12,0,0
37,1060589.0,173565.0,462,Self-Employed,1,36,0,0
55,859094.0,370298.0,811,Self-Employed,3,12,0,0
37,407992.0,50000.0,314,Salaried,0,60,0,0
33,896858.0,769919.0,627,Business,0,36,2,1
24,577567.0,338014.0,807,Salaried,1,60,1,0
47,359564.0,377905.0,816,Business,0,12,1,1
49,670843.0,295420.0,599,Business,1,12,0,1
58,555195.0,657249.0,766,Business,0,24,1,1
46,1148045.0,211746.0,451,Self-Employed,0,12,1,0
56,574521.0,427112.0,803,Salaried,3,48,0,0
43,567284.0,507706.0,668,Salaried,1,24,2,1
29,341012.0,697321.0,818,Business,0,12,0,0
22,960942.0,370052.0,482,Self-Employed,0,48,1,1
52,858912.0,57973.0,308,Salaried,1,48,0,1
62,677249.0,797884.0,606,Salaried,0,24,0,1
51,669351.0,734766.0,739,Salaried,2,24,0,1
49,750343.0,404471.0,715,Salaried,3,24,0,0
25,1200027.0,315607.0,852,Business,1,12,0,0
56,474244.0,431560.0,307,Salaried,0,36,1,1
48,754382.0,386836.0,469,Salaried,0,12,1,0
57,1094339.0,355915.0,752,Salaried,1,60,2,0
60,425724.0,601002.0,884,Salaried,3,60,0,1
47,671845.0,470231.0,325,Salaried,1,36,0,0
30,394944.0,423293.0,407,Salaried,0,48,0,1
47,620800.0,390373.0,679,Salaried,3,60,3,1
50,555124.0,208236.0,891,Salaried,3,48,1,0
63,930210.0,492910.0,796,Salaried,0,48,1,0
40,774885.0,158745.0,811,Salaried,2,12,0,0
25,514344.0,50000.0,685,Salaried,0,36,3,0
58,720503.0,323844.0,694,Business,0,60,1,0
49,471972.0,322795.0,419,Salaried,1,12,0,0
62,753899.0,113281.0,771,Salaried,2,48,0,0
36,949668.0,202619.0,344,Self-Employed,0,24,1,0
49,728051.0,248281.0,879,Salaried,0,60,1,0
36,760749.0,499494.0,810,Self-Employed,1,60,0,0
45,878023.0,369798.0,592,Salaried,2,60,0,0
50,720820.0,309606.0,695,Salaried,2,60,0,0
22,777159.0,312224.0,324,Salaried,1,48,1,1
40,436699.0,50000.0,597,Salaried,0,48,0,0
62,242212.0,643992.0,363,Self-Employed,1,36,1,1
53,794678.0,566822.0,603,Salaried,1,48,1,0
39,801160.0,685335.0,544,Self-Employed,1,12,0,1
24,938676.0,128517.0,599,Self-Employed,1,24,0,0
53,396007.0,342685.0,483,Salaried,0,12,0,1
45,912422.0,398508.0,861,Self-Employed,1,60,3,0
56,310603.0,437681.0,803,Salaried,1,24,3,1
21,709125.0,597146.0,551,Salaried,1,12,0,1
36,480329.0,50000.0,755,Salaried,0,12,1,0
45,1005625.0,50000.0,644,Business,0,24,0,0
55,266489.0,867674.0,458,Self-Employed,2,60,1,1
31,883943.0,96895.0,687,Self-Employed,1,48,1,0
44,150000.0,545989.0,737,Self-Employed,3,36,0,1
55,573766.0,127632.0,742,Business,1,24,1,0
41,526730.0,237228.0,354,Business,1,24,3,0
24,150000.0,629767.0,780,Salaried,0,24,0,0
34,735632.0,522243.0,599,Salaried,2,48,2,1
47,852463.0,107197.0,786,Business,0,12,1,0
53,1148493.0,317949.0,796,Business,2,24,3,0
36,928495.0,594591.0,826,Salaried,1,60,1,1
64,948013.0,410651.0,741,Salaried,1,48,0,0
22,408343.0,467420.0,411,Self-Employed,1,60,0,1
53,465352.0,208739.0,836,Salaried,0,36,0,0
22,723249.0,167475.0,713,Salaried,0,12,0,1
43,665894.0,50000.0,553,Salaried,2,12,1,0
22,776783.0,437004.0,635,Business,1,24,0,0
42,743154.0,310564.0,728,Salaried,1,24,1,0
62,413488.0,411154.0,608,Salaried,2,60,1,1
57,665094.0,416032.0,790,Business,2,24,1,0
35,652056.0,418854.0,555,Business,0,60,0,0
29,299618.0,75070.0,443,Salaried,0,36,2,1
49,794781.0,616514.0,693,Self-Employed,0,60,0,0
40,1098294.0,367271.0,766,Self-Employed,0,36,0,1
24,335709.0,846369.0,792,Business,1,36,1,1
30,649654.0,220451.0,414,Business,1,36,0,0
47,498571.0,294782.0,624,Salaried,2,12,1,0
44,1023996.0,212404.0,431,Salaried,0,24,0,0
64,622140.0,50000.0,661,Self-Employed,2,36,0,0
22,321594.0,323023.0,648,Business,0,48,0,1
44,993012.0,474320.0,342,Salaried,1,24,3,0
48,522265.0,190004.0,777,Self-Employed,1,60,0,0
63,466708.0,426649.0,429,Salaried,1,60,2,1
39,826561.0,50000.0,334,Salaried,0,24,1,0
48,661984.0,358459.0,543,Self-Employed,2,48,2,1
31,724187.0,182331.0,572,Salaried,1,12,0,0
52,243274.0,566275.0,591,Business,1,60,1,1
41,590840.0,241986.0,464,Salaried,2,36,1,1
24,460227.0,540059.0,308,Salaried,0,24,1,0
61,694880.0,660835.0,848,Self-Employed,1,60,0,0
60,1165200.0,573956.0,676,Salaried,0,12,1,1
47,576540.0,194649.0,657,Salaried,1,12,0,0
53,726944.0,486349.0,603,Self-Employed,0,60,0,0
60,413807.0,553281.0,650,Business,0,24,1,0
34,809316.0,50000.0,511,Self-Employed,1,36,0,0
28,404245.0,610804.0,801,Self-Employed,0,60,1,1
47,614311.0,364224.0,591,Salaried,1,12,0,0
45,645767.0,355450.0,504,Business,2,36,1,0
48,591405.0,276546.0,486,Salaried,0,36,0,1
38,714644.0,50000.0,641,Business,1,60,1,0
50,790178.0,332235.0,408,Salaried,4,12,3,0
50,670582.0,356487.0,639,Self-Employed,0,12,1,0
42,672101.0,497696.0,715,Salaried,0,48,1,0
32,687249.0,361284.0,472,Self-Employed,0,12,1,0
55,766187.0,484327.0,763,Salaried,0,36,0,0
27,749138.0,463567.0,407,Salaried,1,48,1,0
26,378933.0,369995.0,802,Salaried,3,48,0,1
30,558593.0,362420.0,865,Salaried,0,60,3,0
31,646453.0,533022.0,714,Self-Employed,0,24,0,0
34,368392.0,284556.0,540,Self-Employed,1,12,3,0
22,908751.0,141729.0,734,Self-Employed,1,60,1,0
56,438935.0,572714.0,344,Salaried,2,60,0,1
26,569632.0,361897.0,381,Salaried,1,24,0,0
25,912434.0,50000.0,548,Self-Employed,0,12,0,0
32,320648.0,387175.0,324,Business,1,36,1,1
39,335233.0,721957.0,752,Salaried,0,24,1,1
30,585374.0,531712.0,747,Salaried,0,12,0,1
25,514073.0,393902.0,782,Business,3,48,0,0
48,231448.0,138643.0,779,Salaried,2,60,0,0
46,1308434.0,512599.0,503,Salaried,0,48,2,1
23,487091.0,419357.0,895,Salaried,2,12,2,1
60,401265.0,689884.0,697,Salaried,3,48,1,1
62,601792.0,264280.0,626,Business,0,12,2,0
37,212153.0,322917.0,517,Salaried,2,36,0,1
22,584324.0,344030.0,319,Salaried,0,24,2,1
55,726206.0,492896.0,714,Business,1,24,0,0
51,830112.0,785741.0,601,Self-Employed,0,12,0,1
26,1307229.0,97114.0,777,Business,2,24,0,0
59,841118.0,599941.0,518,Self-Employed,0,12,1,0
47,675493.0,234140.0,738,Salaried,1,60,1,0
32,508140.0,186063.0,601,Salaried,0,24,1,0
24,462196.0,50106.0,828,Salaried,1,48,2,0
54,921138.0,496186.0,698,Salaried,1,48,1,0
45,473931.0,207419.0,766,Salaried,2,24,1,0
35,907950.0,579378.0,417,Salaried,2,36,1,1
38,816050.0,312589.0,416,Salaried,2,60,1,0
53,695977.0,299514.0,858,Salaried,0,36,1,0
22,703628.0,530227.0,538,Salaried,4,24,1,0
57,842029.0,491949.0,766,Business,1,36,1,0
45,590256.0,305641.0,734,Self-Employed,3,48,3,0
46,691150.0,492895.0,442,Salaried,2,36,2,1
41,335929.0,488108.0,547,Self-Employed,0,12,0,1
42,505276.0,416126.0,835,Self-Employed,1,24,1,1
42,692173.0,495263.0,562,Salaried,0,12,1,0
35,415212.0,50000.0,828,Salaried,2,48,1,0
47,654221.0,421013.0,427,Salaried,1,12,0,0
34,618331.0,552423.0,355,Self-Employed,1,48,0,1
49,382328.0,292592.0,534,Self-Employed,4,36,0,1
21,824994.0,339392.0,511,Salaried,0,12,0,0
32,1005163.0,199935.0,334,Self-Employed,1,60,0,0
22,1050426.0,133185.0,300,Self-Employed,0,12,1,1
58,360394.0,50000.0,604,Business,0,36,0,0
29,738168.0,284538.0,662,Salaried,0,12,0,0
62,497740.0,571096.0,363,Salaried,1,12,1,1
56,540001.0,50000.0,439,Salaried,1,36,0,1
46,404595.0,198782.0,677,Self-Employed,3,36,0,0
31,923029.0,424603.0,359,Salaried,0,24,1,0
45,298117.0,186535.0,410,Business,1,24,0,0
53,899964.0,600371.0,556,Salaried,1,12,0,0
26,1070857.0,50000.0,670,Salaried,0,36,0,0
31,583833.0,322174.0,407,Business,1,36,0,0
25,329133.0,418366.0,357,Self-Employed,1,24,0,1
21,1065726.0,705311.0,442,Salaried,0,12,2,0
39,713715.0,228246.0,572,Salaried,2,24,0,0
45,273278.0,491763.0,417,Salaried,1,12,2,1
59,448278.0,445101.0,807,Salaried,1,12,1,0
21,882197.0,82476.0,484,Self-Employed,3,24,1,0
21,437424.0,368249.0,867,Salaried,0,36,1,1
46,832855.0,712692.0,731,Salaried,1,48,0,0
30,475262.0,601835.0,893,Salaried,1,12,0,0
58,634916.0,653533.0,464,Business,0,48,0,1
47,575529.0,502849.0,455,Salaried,1,12,1,1
55,902086.0,452981.0,843,Salaried,2,60,0,0
30,491927.0,112919.0,512,Salaried,2,24,0,0
40,205683.0,340944.0,539,Business,0,60,0,1
58,1040945.0,304990.0,863,Salaried,0,60,0,0
37,877579.0,631581.0,550,Salaried,2,48,2,0
42,640444.0,452723.0,855,Salaried,1,60,0,0
51,244784.0,520475.0,454,Business,2,48,0,1
64,1147411.0,138557.0,358,Salaried,0,24,0,0
26,792335.0,311430.0,711,Business,1,24,1,0
48,676994.0,105982.0,865,Self-Employed,1,48,0,0
59,228647.0,421605.0,540,Self-Employed,0,12,0,0
26,617743.0,367493.0,559,Salaried,1,12,0,0
34,623920.0,711122.0,615,Salaried,0,12,1,1
24,706286.0,336633.0,874,Salaried,4,36,1,0
40,868582.0,343825.0,455,Salaried,3,24,2,0
30,334484.0,107490.0,565,Business,0,60,0,1
31,348570.0,406665.0,482,Salaried,1,24,1,1
64,794500.0,439185.0,332,Salaried,2,60,1,0
59,751431.0,658775.0,761,Self-Employed,1,24,1,1
46,822784.0,487371.0,482,Self-Employed,0,48,0,0
57,347315.0,252752.0,625,Salaried,0,36,0,0
28,746649.0,546421.0,423,Salaried,4,24,1,1
23,628038.0,50000.0,883,Salaried,2,24,0,0
49,739635.0,500087.0,506,Self-Employed,1,24,0,0
60,327405.0,555706.0,801,Salaried,2,48,0,1
33,873119.0,624047.0,897,Self-Employed,0,48,0,0
37,717188.0,477570.0,746,Salaried,0,60,0,0
51,689547.0,265619.0,451,Business,1,12,1,0
47,751301.0,396954.0,448,Salaried,0,12,1,0
29,788971.0,419183.0,893,Business,1,12,0,0
39,632621.0,50000.0,353,Business,0,24,2,0
55,1319729.0,737957.0,835,Self-Employed,0,12,0,0
37,959077.0,237583.0,866,Salaried,1,60,2,0
44,869074.0,510894.0,893,Salaried,0,48,0,0
44,274829.0,411734.0,579,Salaried,1,60,0,1
24,514630.0,398506.0,890,Salaried,1,48,2,0
42,620040.0,341730.0,694,Self-Employed,1,36,0,0
49,620239.0,497207.0,811,Business,3,48,2,1
38,703694.0,770819.0,438,Self-Employed,0,24,0,1
41,693687.0,566741.0,476,Salaried,0,48,0,1
62,450806.0,63550.0,725,Salaried,1,48,0,0
26,1036953.0,157286.0,390,Self-Employed,1,24,0,0
40,545843.0,659369.0,489,Salaried,1,48,1,1
53,636117.0,463981.0,378,Self-Employed,2,24,2,1
55,201679.0,507637.0,489,Salaried,2,12,1,1
60,582724.0,267282.0,665,Salaried,1,24,0,0
56,772352.0,146239.0,751,Business,0,36,1,0
49,429965.0,435355.0,595,Salaried,1,36,1,1
35,428172.0,324993.0,420,Business,2,36,1,1
31,875859.0,345555.0,629,Business,1,12,1,0
25,603389.0,115178.0,518,Business,1,60,1,1
28,249604.0,50000.0,750,Salaried,2,48,1,0
62,596871.0,302670.0,595,Self-Employed,0,12,1,0
21,853437.0,429608.0,602,Salaried,1,36,0,0
46,466796.0,197561.0,858,Self-Employed,2,12,1,0
23,728334.0,317376.0,886,Business,0,24,2,0
38,702049.0,295889.0,463,Self-Employed,0,60,1,1
49,678989.0,146523.0,360,Self-Employed,1,48,0,0
49,463545.0,367498.0,727,Salaried,3,12,1,0
38,665026.0,466012.0,710,Self-Employed,1,60,1,1
47,836469.0,212233.0,886,Salaried,1,60,0,0
46,745713.0,532621.0,441,Salaried,3,36,1,0
47,637029.0,471158.0,722,Salaried,1,24,0,0
39,781651.0,553698.0,494,Self-Employed,0,48,2,0
60,779161.0,316586.0,524,Salaried,1,12,0,0
23,923251.0,246082.0,508,Self-Employed,0,36,0,0
64,1097285.0,158612.0,557,Salaried,1,12,1,0
21,984327.0,466941.0,403,Salaried,0,36,0,0
63,761559.0,436347.0,407,Business,1,36,1,1
37,768758.0,520333.0,576,Self-Employed,0,24,0,0
64,916578.0,95907.0,815,Self-Employed,1,36,0,0
21,763236.0,532250.0,532,Salaried,0,48,0,0
45,240615.0,625428.0,354,Business,2,48,0,1
39,633132.0,685631.0,709,Business,1,48,0,1
37,473667.0,184697.0,662,Salaried,1,36,0,0
21,1126735.0,422153.0,642,Self-Employed,3,24,1,0
27,850117.0,230551.0,740,Self-Employed,0,48,1,0
51,638326.0,376516.0,787,Salaried,0,36,2,0
40,658851.0,467173.0,538,Self-Employed,2,60,0,0
58,443170.0,157238.0,645,Salaried,0,36,0,1
28,1128746.0,302454.0,744,Salaried,1,48,1,0
63,1090819.0,250068.0,776,Self-Employed,0,36,2,0
49,442496.0,349288.0,812,Self-Employed,2,12,0,0
48,783607.0,481283.0,770,Salaried,2,36,1,0
36,835229.0,211676.0,865,Salaried,0,48,1,0
32,580153.0,746835.0,858,Self-Employed,3,36,1,1
52,870698.0,109161.0,468,Self-Employed,0,12,0,0
59,542360.0,382804.0,811,Self-Employed,2,24,0,0
46,252600.0,527461.0,891,Business,3,36,1,1
56,937114.0,362441.0,889,Salaried,0,36,1,0
43,428187.0,536120.0,329,Salaried,0,36,0,1
38,769685.0,93700.0,403,Salaried,1,36,1,0
24,897902.0,514807.0,544,Salaried,1,48,0,0
46,338059.0,64677.0,580,Salaried,0,36,2,0
27,824421.0,734187.0,476,Self-Employed,3,24,1,1
27,661884.0,50000.0,646,Salaried,2,60,1,0
27,321966.0,248403.0,528,Salaried,0,24,1,0
33,874091.0,271467.0,851,Salaried,1,60,0,0
50,925373.0,470811.0,510,Business,0,48,0,0
43,872524.0,357717.0,463,Business,2,24,0,0
42,626281.0,109746.0,663,Salaried,0,12,0,0
31,853503.0,586166.0,626,Self-Employed,0,48,0,0
31,716201.0,513842.0,573,Self-Employed,0,12,0,1
24,367421.0,299331.0,665,Business,0,60,0,1
38,297414.0,455074.0,569,Business,2,24,1,1
57,382050.0,574245.0,421,Salaried,0,48,0,1
42,846475.0,553190.0,352,Self-Employed,0,60,0,0
52,584425.0,682690.0,600,Salaried,0,60,1,1
61,977956.0,375739.0,304,Salaried,1,48,0,0
46,549336.0,432015.0,567,Salaried,0,60,1,0
34,274612.0,465739.0,623,Salaried,0,24,1,1
30,983491.0,80868.0,716,Self-Employed,3,12,1,0
37,763819.0,145123.0,340,Self-Employed,0,12,1,1
30,904451.0,646557.0,438,Self-Employed,2,24,1,0
40,261645.0,697744.0,812,Self-Employed,0,12,0,1
34,844881.0,105994.0,569,Salaried,0,60,0,0
54,865007.0,604930.0,876,Salaried,0,48,0,0
51,618334.0,632458.0,449,Business,0,12,1,0
38,402156.0,920201.0,775,Self-Employed,1,24,1,0
31,744368.0,601229.0,430,Self-Employed,2,24,1,1
42,608202.0,343774.0,478,Business,0,12,0,0
21,558152.0,657066.0,433,Self-Employed,1,24,0,0
29,863900.0,385795.0,782,Salaried,1,12,0,0
56,754006.0,508857.0,819,Self-Employed,4,24,0,0
54,797022.0,104504.0,851,Salaried,1,60,0,0
47,603545.0,242160.0,517,Business,0,60,1,0
55,577124.0,465419.0,486,Self-Employed,0,12,1,0
62,541425.0,374855.0,714,Salaried,2,48,1,0
61,1235847.0,93913.0,676,Salaried,1,12,1,0
58,508999.0,133015.0,313,Salaried,0,48,2,0
39,627189.0,549127.0,395,Salaried,2,12,0,1
39,611216.0,576216.0,430,Salaried,2,12,0,1
40,857148.0,686231.0,855,Self-Employed,0,48,1,0
64,311914.0,128650.0,799,Salaried,2,24,0,0
57,672322.0,315743.0,730,Business,1,24,1,0
45,171885.0,311424.0,303,Salaried,0,60,0,1
52,1092311.0,64331.0,550,Salaried,0,48,1,0
21,653335.0,442732.0,380,Self-Employed,4,24,0,1
58,690498.0,460939.0,485,Self-Employed,0,36,0,0
36,585372.0,441545.0,506,Self-Employed,0,12,1,1
59,599338.0,581084.0,590,Self-Employed,0,60,0,1
55,430140.0,191031.0,328,Salaried,2,24,0,0
26,307696.0,273277.0,654,Self-Employed,3,24,2,1
61,611843.0,336844.0,353,Salaried,2,24,0,0
61,962631.0,489924.0,600,Salaried,0,24,0,0
50,454278.0,597360.0,418,Salaried,3,36,0,1
31,395347.0,231507.0,867,Business,3,36,0,0
50,663620.0,189930.0,846,Salaried,2,12,0,0
57,591613.0,336020.0,307,Salaried,1,36,0,0
51,969292.0,265233.0,810,Business,5,12,0,0
51,688788.0,449302.0,583,Self-Employed,1,60,1,1
31,512765.0,601284.0,723,Self-Employed,3,12,2,1
24,678114.0,273842.0,579,Business,2,12,1,1
47,732536.0,510981.0,369,Salaried,0,60,2,1
26,636360.0,402734.0,816,Self-Employed,1,24,0,0
38,643180.0,713960.0,464,Business,2,60,1,1
64,931499.0,655782.0,347,Self-Employed,4,12,0,1
49,533011.0,516190.0,795,Self-Employed,0,24,0,1
25,639534.0,488540.0,670,Salaried,1,12,0,0
50,389684.0,528022.0,324,Salaried,2,60,1,1
21,623886.0,509822.0,571,Business,0,36,0,1
43,187492.0,421576.0,433,Business,1,12,0,0
59,438919.0,362572.0,632,Self-Employed,1,24,0,0
38,1017874.0,519279.0,503,Salaried,0,48,0,0
23,663626.0,295110.0,812,Business,0,60,1,0
22,561059.0,315071.0,692,Self-Employed,2,24,0,0
61,843308.0,104669.0,687,Salaried,0,36,2,0
22,853249.0,424125.0,304,Business,2,36,1,1
58,445161.0,525158.0,654,Salaried,0,12,1,0
25,360282.0,307562.0,613,Salaried,2,24,1,0
56,650879.0,514945.0,714,Salaried,0,24,0,0
56,517894.0,181494.0,736,Salaried,1,48,2,0
41,301024.0,831434.0,675,Salaried,0,24,0,0
52,756784.0,328356.0,374,Salaried,1,12,0,0
45,600601.0,361612.0,474,Business,2,48,0,0
22,475765.0,570889.0,523,Salaried,1,60,1,1
64,608006.0,461643.0,445,Salaried,1,36,2,0
64,451976.0,412483.0,758,Business,0,12,0,1
28,695463.0,263810.0,435,Self-Employed,2,48,0,0
46,633999.0,434237.0,576,Self-Employed,1,24,0,0
27,690870.0,320923.0,421,Salaried,1,24,0,0
62,948676.0,50000.0,727,Salaried,0,12,0,0
25,574439.0,601372.0,440,Salaried,0,24,0,0
21,555127.0,598050.0,472,Salaried,1,60,2,1
51,455688.0,300810.0,338,Business,0,60,0,0
39,685241.0,166297.0,794,Salaried,3,12,0,0
21,294731.0,646506.0,828,Salaried,1,36,0,0
32,623966.0,347872.0,407,Business,0,60,1,0
41,603949.0,218178.0,511,Self-Employed,2,24,0,0
60,681493.0,196708.0,399,Business,0,12,0,0
48,470617.0,343640.0,881,Salaried,2,12,1,0
54,700097.0,196526.0,787,Business,0,36,1,0
23,877701.0,137942.0,610,Salaried,0,60,0,0
51,759504.0,750774.0,323,Business,1,60,1,1
56,236569.0,279541.0,728,Salaried,3,24,2,1
52,632307.0,842709.0,770,Salaried,0,36,1,0
25,644425.0,102805.0,772,Salaried,1,12,0,0
29,532105.0,562014.0,514,Salaried,1,24,0,1
40,648898.0,267198.0,613,Salaried,0,24,1,0
22,505944.0,715434.0,756,Salaried,0,24,0,1
51,534267.0,601747.0,535,Salaried,0,36,0,0
25,538704.0,247174.0,458,Business,0,36,0,0
27,762485.0,381237.0,763,Self-Employed,2,48,0,0
51,455490.0,595703.0,743,Salaried,0,12,0,0
28,325145.0,798786.0,616,Salaried,0,12,2,1
64,267223.0,470556.0,797,Business,1,48,0,0
48,383490.0,652673.0,732,Salaried,2,12,2,1
47,487170.0,457290.0,544,Self-Employed,1,36,0,1
30,520951.0,596849.0,546,Business,0,12,0,0
49,466804.0,162407.0,813,Self-Employed,2,48,0,0
61,733010.0,636230.0,571,Business,0,12,0,0
63,377236.0,535979.0,437,Salaried,0,60,0,1
59,1144185.0,50000.0,506,Self-Employed,2,60,1,1
29,447297.0,373642.0,444,Self-Employed,0,36,0,1
57,724430.0,570451.0,329,Salaried,0,36,2,0
31,573070.0,231814.0,556,Salaried,1,24,1,0
51,705942.0,618516.0,708,Self-Employed,0,36,0,1
42,850808.0,411320.0,716,Salaried,2,24,0,0
52,797758.0,173950.0,797,Self-Employed,1,48,1,0
46,267341.0,302534.0,552,Business,0,60,1,0
26,757677.0,764029.0,659,Business,1,48,2,1
51,150000.0,419973.0,432,Salaried,0,36,1,1
64,1024864.0,536597.0,407,Salaried,0,48,0,0
52,998761.0,232816.0,477,Salaried,1,60,0,0
49,567646.0,157946.0,717,Self-Employed,0,36,0,0
40,817675.0,460691.0,311,Self-Employed,2,48,2,1
55,601077.0,461558.0,791,Self-Employed,1,24,0,0
50,1036238.0,505942.0,344,Salaried,1,36,0,0
44,840113.0,204430.0,608,Self-Employed,1,12,1,1
44,472814.0,336470.0,715,Salaried,0,24,0,0
44,624198.0,117696.0,391,Salaried,0,24,2,0
62,586430.0,50000.0,700,Salaried,0,60,2,0
23,150000.0,163320.0,686,Salaried,1,60,0,1
39,756447.0,553752.0,434,Salaried,2,48,0,0
34,390679.0,372280.0,530,Salaried,0,12,3,1
27,509324.0,564731.0,375,Salaried,0,24,0,0
29,1107487.0,50000.0,892,Self-Employed,1,24,0,0
37,757178.0,774613.0,886,Salaried,2,12,0,1
27,943320.0,440510.0,657,Business,1,48,0,0
47,411045.0,554970.0,677,Salaried,0,12,0,0
45,381516.0,562176.0,429,Self-Employed,1,36,0,1
58,433426.0,222930.0,816,Business,1,48,1,0
33,687866.0,50000.0,792,Salaried,0,24,0,0
22,257386.0,427310.0,881,Self-Employed,2,48,0,1
29,533817.0,349957.0,359,Salaried,2,12,0,1
29,636845.0,284001.0,731,Salaried,0,48,0,0
59,529533.0,217130.0,446,Salaried,0,12,0,0
62,545258.0,449047.0,716,Salaried,0,24,1,1
26,821230.0,376945.0,730,Salaried,3,12,0,0
53,916691.0,310470.0,663,Salaried,2,36,1,0
45,489651.0,470541.0,568,Salaried,1,60,0,1
42,560173.0,340522.0,537,Business,3,12,0,0
31,972852.0,749672.0,585,Salaried,0,60,1,0
53,920275.0,158685.0,446,Salaried,0,24,2,0
39,923748.0,733937.0,651,Salaried,1,48,2,0
59,172589.0,493448.0,564,Salaried,3,36,0,0
46,337192.0,362499.0,344,Salaried,0,60,1,1
31,553151.0,50000.0,861,Business,1,12,1,0
40,385197.0,305294.0,599,Self-Employed,1,24,0,0
44,150000.0,225933.0,842,Self-Employed,1,12,2,0
27,170822.0,768741.0,378,Salaried,0,12,2,1
37,543259.0,894266.0,827,Self-Employed,2,48,2,0
29,382517.0,614653.0,726,Business,2,24,0,0
34,345954.0,437949.0,410,Business,1,12,0,1
28,467345.0,216103.0,389,Salaried,1,48,0,0
61,321495.0,489961.0,728,Salaried,1,36,0,1
38,479772.0,260643.0,728,Salaried,0,24,0,0
23,651348.0,677275.0,565,Salaried,0,12,0,1
21,1052562.0,410181.0,886,Self-Employed,0,12,0,1
26,674419.0,364535.0,732,Salaried,0,24,0,0
30,690769.0,170902.0,835,Salaried,1,48,1,0
57,593742.0,482756.0,544,Business,0,12,0,1
36,644127.0,157310.0,733,Salaried,1,12,2,0
54,655499.0,369330.0,557,Salaried,0,12,1,0
36,660421.0,258724.0,428,Salaried,2,24,0,0
39,388490.0,421532.0,773,Salaried,3,48,2,1
21,613266.0,400640.0,868,Salaried,0,36,0,0
28,1182790.0,490675.0,591,Business,1,60,1,1
36,488058.0,50000.0,315,Salaried,0,60,0,1
23,601600.0,322726.0,702,Salaried,0,36,1,0
62,372215.0,309565.0,791,Business,1,60,0,0
22,409853.0,420775.0,328,Self-Employed,1,36,0,1
41,366683.0,388357.0,662,Salaried,2,48,1,1
35,1155126.0,50000.0,365,Salaried,1,12,2,0
59,493874.0,106745.0,314,Salaried,0,36,1,1
34,842151.0,373833.0,861,Salaried,1,60,1,0
52,784059.0,617386.0,679,Salaried,2,48,1,0
50,1029977.0,820162.0,443,Business,3,12,2,1
47,717727.0,564855.0,728,Business,2,48,0,0
64,731139.0,50000.0,842,Self-Employed,0,48,3,0
24,965589.0,525889.0,830,Self-Employed,1,48,2,0
28,910096.0,399890.0,836,Salaried,4,36,1,0
34,807790.0,327867.0,899,Salaried,1,60,0,0
39,776816.0,348776.0,410,Salaried,2,48,0,1
43,150000.0,643925.0,520,Self-Employed,0,60,0,1
55,449720.0,403461.0,875,Salaried,1,24,1,1
59,150000.0,593255.0,677,Self-Employed,0,36,0,1
26,434054.0,452679.0,490,Self-Employed,0,24,1,1
41,829718.0,561771.0,400,Business,0,36,3,0
60,530408.0,502275.0,457,Salaried,0,12,2,1
24,605616.0,796759.0,893,Salaried,0,48,1,0
34,858558.0,254818.0,816,Salaried,1,36,1,0
35,692957.0,212176.0,363,Self-Employed,0,24,0,1
40,1008290.0,358989.0,456,Self-Employed,1,48,0,0
60,609178.0,858979.0,751,Business,0,36,1,0
64,787457.0,511152.0,327,Salaried,0,60,0,1
59,621821.0,110170.0,598,Salaried,0,60,0,0
50,842279.0,555467.0,693,Salaried,0,12,2,0
37,1128985.0,558507.0,700,Salaried,0,24,1,0
28,1295216.0,297243.0,736,Salaried,1,12,0,0
55,698255.0,270021.0,343,Salaried,3,36,1,1
36,338458.0,257841.0,580,Business,2,36,1,1
53,527721.0,50000.0,709,Business,0,60,0,1
62,532961.0,436597.0,504,Self-Employed,3,48,0,1
41,538008.0,372410.0,553,Business,0,12,0,0
32,570952.0,671508.0,784,Self-Employed,1,48,1,1
60,691345.0,569404.0,832,Salaried,0,24,0,1
53,369743.0,384505.0,549,Salaried,1,24,3,1
55,651709.0,383752.0,885,Self-Employed,1,60,0,0
38,856014.0,887219.0,323,Self-Employed,1,60,1,1
25,488117.0,585989.0,891,Salaried,0,48,0,0
30,722018.0,321621.0,584,Business,1,36,0,1
62,701055.0,455429.0,610,Salaried,3,48,2,0
35,908630.0,703635.0,853,Salaried,1,36,1,0
33,809115.0,225808.0,607,Self-Employed,1,48,1,0
21,325025.0,449071.0,576,Salaried,1,48,0,0
53,576371.0,598797.0,400,Salaried,2,24,0,1
59,783228.0,373727.0,393,Self-Employed,1,48,1,0
31,830485.0,381513.0,875,Self-Employed,1,60,1,0
59,572123.0,196974.0,707,Salaried,3,36,0,0
58,743693.0,724204.0,475,Salaried,1,24,1,1
48,754303.0,176721.0,892,Salaried,0,24,0,0
31,396730.0,50000.0,593,Salaried,0,36,0,0
54,832658.0,646584.0,826,Self-Employed,1,48,1,0
48,483954.0,297788.0,562,Business,0,24,1,0
34,875468.0,405223.0,574,Self-Employed,1,60,0,0
61,199700.0,389770.0,581,Salaried,2,36,0,1
30,693847.0,457118.0,866,Salaried,0,36,1,0
58,854850.0,360763.0,524,Salaried,1,36,0,0
46,520390.0,305001.0,416,Salaried,0,24,0,0
51,759390.0,495407.0,399,Salaried,2,24,0,0
42,850981.0,50000.0,340,Business,3,60,0,1
51,321328.0,748099.0,402,Business,3,24,3,1
47,1146944.0,519331.0,880,Self-Employed,0,24,0,0
45,830733.0,123963.0,788,Self-Employed,0,36,1,0
64,647430.0,456257.0,631,Self-Employed,1,12,1,0
44,1298491.0,490502.0,492,Self-Employed,0,24,0,1
37,648659.0,479805.0,421,Self-Employed,0,12,1,0
26,626701.0,104212.0,835,Self-Employed,0,60,0,0
36,834178.0,354930.0,624,Salaried,2,60,1,1
53,693116.0,350558.0,679,Salaried,0,36,1,0
33,150000.0,248418.0,737,Salaried,1,48,0,1
62,1139227.0,50000.0,631,Self-Employed,1,60,1,0
30,448373.0,558822.0,589,Salaried,2,60,0,1
41,716705.0,618301.0,749,Business,1,36,0,1
59,520762.0,380884.0,606,Business,0,24,0,0
22,577990.0,350075.0,804,Self-Employed,0,36,1,0
64,308554.0,928931.0,503,Salaried,0,24,0,1
31,641525.0,379297.0,698,Salaried,2,24,2,0
34,496543.0,373644.0,337,Salaried,0,24,1,0
22,150000.0,101520.0,457,Salaried,0,60,1,0
33,285373.0,552364.0,846,Salaried,2,60,1,0
31,546652.0,559331.0,854,Self-Employed,0,36,1,0
31,895154.0,345042.0,495,Salaried,0,12,0,0
31,433721.0,250948.0,584,Salaried,1,24,0,0
60,838557.0,481639.0,758,Salaried,0,12,0,0
62,169525.0,434609.0,803,Salaried,0,48,2,0
62,1201195.0,314461.0,355,Salaried,1,36,1,0
24,674640.0,180264.0,806,Self-Employed,0,36,3,0
64,339625.0,515040.0,654,Salaried,0,24,1,1
30,764720.0,257392.0,854,Salaried,1,48,1,0
45,721167.0,586827.0,733,Self-Employed,0,12,2,1
58,416814.0,166022.0,709,Self-Employed,2,12,0,0
35,1341711.0,529856.0,784,Self-Employed,2,12,1,0
55,1072793.0,258852.0,330,Self-Employed,0,48,0,0
52,390947.0,147189.0,550,Self-Employed,0,60,0,0
31,676111.0,555597.0,319,Salaried,2,24,1,1
55,933934.0,724792.0,863,Self-Employed,2,36,1,0
37,821448.0,581554.0,677,Self-Employed,2,12,1,0
28,1144054.0,212866.0,383,Salaried,0,12,0,0
56,1319725.0,596761.0,865,Business,1,48,0,0
41,886638.0,326592.0,762,Business,0,24,2,0
56,508833.0,679458.0,847,Self-Employed,0,12,2,1
43,654735.0,367473.0,526,Self-Employed,0,48,0,0
21,577772.0,483393.0,852,Salaried,0,48,1,0
43,874209.0,324844.0,694,Salaried,1,24,0,1
39,1088558.0,226849.0,350,Self-Employed,0,60,0,1
49,573776.0,420879.0,412,Salaried,2,48,0,1
38,245871.0,354305.0,495,Business,1,48,0,1
36,936367.0,231666.0,610,Self-Employed,1,60,0,0
52,606412.0,373745.0,898,Business,1,12,0,1
56,397067.0,320475.0,770,Self-Employed,2,48,0,1
48,766275.0,137485.0,889,Salaried,0,60,0,0
38,944711.0,307577.0,792,Salaried,2,36,0,0
30,732061.0,209870.0,448,Business,1,12,0,0
23,527581.0,839192.0,305,Self-Employed,0,48,0,1
30,1400249.0,98063.0,862,Self-Employed,0,12,2,0
23,607027.0,449593.0,752,Salaried,1,24,1,0
49,516819.0,844002.0,485,Business,3,48,0,1
27,626533.0,153625.0,871,Salaried,2,12,0,0
61,583135.0,507757.0,612,Salaried,1,24,1,1
55,494969.0,129826.0,594,Salaried,0,12,0,0
22,745069.0,51857.0,521,Self-Employed,2,60,1,0
49,595243.0,270645.0,888,Salaried,1,12,2,0
45,761161.0,676702.0,391,Salaried,2,60,0,1
54,588313.0,795966.0,598,Salaried,1,60,0,1
64,895099.0,620209.0,738,Salaried,0,48,1,0
43,314229.0,235486.0,457,Business,0,36,2,0
22,676416.0,219938.0,564,Salaried,1,12,0,0
50,649429.0,499281.0,726,Business,0,60,1,1
63,689992.0,175118.0,829,Salaried,0,36,1,0
27,646626.0,53184.0,660,Self-Employed,1,12,0,0
55,638057.0,680107.0,851,Self-Employed,1,24,1,0
55,681461.0,252188.0,841,Salaried,0,12,0,0
59,609042.0,401399.0,502,Salaried,0,36,0,0
51,426925.0,423500.0,416,Salaried,2,12,0,1
46,371631.0,164343.0,387,Self-Employed,3,48,1,1
44,796571.0,412362.0,676,Self-Employed,1,24,0,0
58,437405.0,633018.0,863,Salaried,2,12,0,0
60,357648.0,75317.0,808,Salaried,3,12,2,1
55,695239.0,290034.0,800,Salaried,0,60,0,0
29,459226.0,378608.0,729,Self-Employed,2,60,1,1
29,786495.0,102518.0,896,Business,0,60,1,1
56,712153.0,363932.0,656,Salaried,2,48,0,0
32,292945.0,570130.0,566,Salaried,2,60,3,1
64,1268426.0,237967.0,848,Business,1,48,2,0
31,648731.0,136149.0,876,Salaried,2,12,0,0
42,753671.0,616149.0,695,Self-Employed,2,60,0,1
46,668546.0,424325.0,541,Salaried,1,24,3,0
61,491977.0,501482.0,331,Self-Employed,0,12,0,1
30,1471894.0,601042.0,518,Self-Employed,0,60,0,0
53,729018.0,265953.0,605,Self-Employed,1,36,1,0
32,243249.0,272848.0,849,Self-Employed,1,24,2,1
63,922405.0,92827.0,640,Salaried,2,24,1,0
59,770429.0,288976.0,402,Salaried,0,48,2,0
53,403757.0,315484.0,856,Self-Employed,1,24,0,0
61,672165.0,465927.0,413,Salaried,2,48,0,0
31,309481.0,438018.0,666,Business,1,60,0,1
52,868873.0,654098.0,877,Business,1,24,2,0
30,669891.0,157607.0,704,Salaried,1,24,0,0
31,917991.0,303624.0,613,Salaried,1,36,1,0
25,807693.0,394425.0,863,Self-Employed,1,24,0,0
43,358990.0,330754.0,499,Salaried,0,12,1,1
41,570823.0,316535.0,596,Self-Employed,2,60,1,1
62,725124.0,397149.0,451,Self-Employed,2,48,1,0
38,632327.0,283324.0,686,Self-Employed,0,60,1,0
45,849463.0,581941.0,303,Business,0,24,0,1
40,413806.0,410042.0,849,Salaried,1,48,0,1
50,764761.0,345563.0,796,Salaried,1,48,1,0
61,409371.0,580658.0,388,Salaried,1,12,1,1
62,603435.0,519433.0,524,Business,0,60,0,1
33,1053772.0,132656.0,825,Self-Employed,2,48,1,0
44,150000.0,365747.0,548,Salaried,1,24,1,1
55,473501.0,100008.0,708,Salaried,1,36,0,0
61,1101186.0,515745.0,368,Business,2,12,1,1
61,406158.0,759441.0,409,Self-Employed,0,12,0,1
43,1001874.0,137055.0,360,Salaried,1,36,0,0
27,518906.0,782167.0,656,Salaried,3,12,0,0
49,341141.0,385885.0,589,Salaried,2,12,0,0
42,573621.0,364996.0,641,Salaried,0,36,1,0
23,499545.0,476696.0,382,Business,1,12,1,1
39,560358.0,485516.0,430,Business,1,60,0,1
25,902523.0,493534.0,596,Salaried,2,48,1,0
44,688702.0,184049.0,469,Salaried,0,36,3,1
29,873471.0,460972.0,833,Business,0,12,1,0
34,876690.0,748560.0,712,Salaried,3,36,1,1
50,1250487.0,364433.0,382,Self-Employed,1,48,0,0
47,522132.0,315777.0,475,Salaried,0,36,1,0
35,900897.0,158201.0,797,Self-Employed,0,12,0,0
58,762740.0,91419.0,421,Salaried,3,24,1,0
59,899478.0,205327.0,351,Salaried,2,48,1,0
48,284536.0,293594.0,373,Self-Employed,2,48,0,1
39,980255.0,586002.0,457,Salaried,1,48,1,1
29,849532.0,431694.0,807,Salaried,0,48,3,0
33,844375.0,534036.0,303,Salaried,1,48,0,0
39,574634.0,50000.0,614,Salaried,0,36,0,0
24,407058.0,528178.0,830,Business,1,60,2,1
40,656461.0,429727.0,375,Salaried,3,12,0,0
36,349581.0,707735.0,326,Salaried,1,48,1,1
38,911366.0,263504.0,518,Business,0,48,0,0
21,910926.0,227749.0,399,Business,2,12,2,1
52,563348.0,378365.0,457,Self-Employed,1,24,1,0
28,150000.0,312762.0,886,Business,2,48,0,1
44,654448.0,731676.0,840,Business,4,12,2,1
47,150000.0,472136.0,586,Business,0,36,1,1
62,457395.0,312028.0,670,Self-Employed,2,36,2,0
50,539970.0,459765.0,645,Salaried,1,60,1,1
64,564242.0,293365.0,506,Self-Employed,0,36,0,0
59,498502.0,104697.0,329,Self-Employed,2,36,1,1
56,993247.0,306809.0,871,Business,1,12,0,0
29,721657.0,509461.0,826,Salaried,1,12,1,0
31,451997.0,434970.0,531,Salaried,1,36,0,0
40,725288.0,688838.0,766,Salaried,1,60,0,0
23,347544.0,842035.0,321,Salaried,1,12,0,1
39,721357.0,541531.0,598,Salaried,0,48,0,1
43,786168.0,123488.0,750,Self-Employed,1,60,0,0
53,463604.0,446623.0,767,Self-Employed,2,12,2,1
52,182378.0,265679.0,888,Self-Employed,0,60,1,1
57,410471.0,707774.0,538,Salaried,1,48,0,1
44,276799.0,555297.0,770,Business,2,60,0,1
41,898184.0,367274.0,364,Salaried,0,12,0,0
46,775899.0,450635.0,310,Self-Employed,0,24,1,0
24,760817.0,469555.0,719,Salaried,2,60,0,0
33,1096198.0,844084.0,459,Business,0,36,2,1
24,377783.0,238553.0,830,Salaried,1,24,1,0
28,765383.0,284910.0,400,Salaried,0,36,0,0
64,681376.0,50000.0,481,Salaried,0,12,0,0
48,509683.0,838371.0,381,Salaried,2,48,0,1
37,727288.0,50000.0,822,Salaried,1,60,1,0
32,1136020.0,631225.0,374,Business,0,36,0,0
52,269180.0,281384.0,591,Business,3,48,1,1
37,861818.0,613024.0,427,Self-Employed,0,12,0,0
59,825400.0,435947.0,836,Business,0,48,1,0
25,215373.0,411620.0,502,Business,2,60,1,1
24,738334.0,495711.0,753,Salaried,1,60,1,0
47,428872.0,679908.0,782,Self-Employed,0,12,2,1
35,940980.0,620247.0,878,Salaried,0,12,2,0
40,308432.0,431399.0,596,Business,1,60,0,0
45,552584.0,293025.0,721,Salaried,1,60,1,0
24,866234.0,377403.0,343,Salaried,1,48,0,0
33,386463.0,212902.0,647,Self-Employed,0,24,0,0
38,212435.0,50000.0,339,Salaried,0,48,1,0
27,1006741.0,510625.0,355,Salaried,1,24,0,0
30,1030358.0,475699.0,494,Salaried,2,60,0,0
48,813699.0,540243.0,586,Salaried,0,48,0,0
34,639822.0,517322.0,372,Salaried,1,60,1,0
59,651702.0,561857.0,855,Business,1,48,0,0
36,412207.0,224678.0,607,Self-Employed,0,48,0,0
36,655308.0,450849.0,654,Self-Employed,0,60,2,0
55,796053.0,454780.0,832,Self-Employed,0,48,1,0
34,341748.0,290003.0,443,Salaried,0,36,0,1
25,782439.0,335607.0,475,Salaried,0,24,0,0
64,243768.0,359101.0,613,Self-Employed,1,12,1,1
51,995179.0,318532.0,437,Self-Employed,1,24,0,1
38,715857.0,501469.0,813,Business,1,36,1,0
26,916895.0,496095.0,754,Salaried,3,36,0,0
33,587502.0,332111.0,479,Salaried,0,12,0,0
61,860744.0,241269.0,571,Salaried,0,48,1,0
42,150000.0,382781.0,636,Self-Employed,1,36,0,1
61,1040864.0,597910.0,820,Salaried,0,24,0,0
30,150000.0,512736.0,423,Self-Employed,0,48,1,1
51,748515.0,244026.0,303,Self-Employed,2,60,1,1
24,515658.0,369767.0,306,Self-Employed,1,60,1,1
57,609703.0,249702.0,371,Salaried,0,60,2,0
41,369335.0,377794.0,330,Salaried,1,24,0,1
59,340597.0,312616.0,779,Salaried,1,60,0,1
58,801716.0,286217.0,718,Salaried,1,12,0,0
52,885190.0,310635.0,672,Self-Employed,1,12,1,0
51,544379.0,802097.0,538,Salaried,2,60,0,1
33,903194.0,558293.0,703,Salaried,2,24,0,0
25,228367.0,518780.0,474,Business,3,24,2,1
48,481664.0,194959.0,668,Salaried,4,24,1,0
25,1030808.0,546241.0,770,Salaried,1,60,0,0
41,841059.0,639703.0,857,Salaried,2,12,0,0
25,369507.0,365631.0,519,Self-Employed,1,36,3,1
59,885119.0,424416.0,713,Salaried,0,24,0,0
32,610284.0,308362.0,418,Salaried,3,60,2,0
64,767041.0,341433.0,666,Business,0,36,0,0
29,488364.0,349664.0,340,Self-Employed,0,60,1,0
24,710930.0,726997.0,379,Self-Employed,0,12,2,1
51,150000.0,620613.0,481,Salaried,2,48,1,1
59,399206.0,216683.0,815,Salaried,1,48,0,0
28,814714.0,337889.0,430,Self-Employed,0,60,0,1
50,579824.0,546936.0,789,Salaried,1,36,0,0
38,531567.0,50000.0,380,Business,3,12,0,1
57,237762.0,241424.0,512,Self-Employed,1,12,0,1
63,466001.0,272356.0,590,Salaried,3,60,0,0
39,826226.0,221076.0,431,Salaried,1,12,1,0
30,410129.0,50000.0,731,Salaried,0,60,0,0
39,744234.0,421239.0,359,Salaried,0,48,1,0
21,711251.0,194811.0,317,Salaried,0,24,1,0
52,907988.0,555318.0,576,Self-Employed,3,60,1,0
54,410759.0,344962.0,838,Salaried,1,24,3,1
62,553072.0,341938.0,502,Salaried,4,36,0,0
35,518036.0,364333.0,831,Salaried,1,60,0,0
62,430951.0,582418.0,348,Salaried,1,24,1,1
26,789022.0,311075.0,545,Self-Employed,1,12,0,0
33,613289.0,620881.0,377,Business,0,24,1,1
31,1070384.0,641891.0,755,Salaried,2,12,1,0
49,676272.0,599925.0,364,Salaried,1,36,1,1
53,1087701.0,50000.0,504,Business,1,60,0,0
26,788954.0,830881.0,805,Self-Employed,0,24,0,1
57,620241.0,712349.0,689,Salaried,1,12,0,1
49,844280.0,501501.0,751,Self-Employed,0,12,0,0
54,797187.0,542462.0,585,Salaried,1,60,0,0
52,481668.0,494661.0,441,Salaried,3,60,0,1
39,649607.0,72151.0,635,Salaried,0,36,1,1
24,1087074.0,353249.0,504,Salaried,0,48,0,0
37,1131925.0,517384.0,643,Business,1,24,0,0
42,743987.0,575158.0,829,Salaried,0,48,0,0
62,856047.0,937305.0,587,Salaried,0,60,1,1
49,661114.0,282278.0,680,Self-Employed,3,60,0,0
46,1057123.0,337693.0,722,Salaried,3,60,2,1
24,732467.0,555891.0,337,Business,2,36,1,0
61,1104014.0,646733.0,649,Salaried,1,36,0,0
42,909101.0,275789.0,459,Salaried,1,12,0,0
27,569367.0,215150.0,377,Self-Employed,2,48,0,1
40,263048.0,393245.0,622,Salaried,0,60,2,1
23,1241732.0,602991.0,340,Salaried,0,36,1,1
21,889146.0,378600.0,780,Salaried,1,60,2,1
37,803433.0,380600.0,754,Salaried,1,48,1,0
48,830194.0,413402.0,306,Salaried,0,12,1,0
37,1021068.0,237499.0,420,Salaried,0,24,0,1
57,535785.0,171780.0,408,Self-Employed,2,36,0,0
38,898428.0,368224.0,883,Business,1,60,0,0
40,756880.0,187195.0,636,Business,1,12,1,0
27,538233.0,346384.0,450,Self-Employed,0,60,1,1
29,232522.0,50000.0,786,Salaried,1,24,2,0
52,769880.0,351498.0,399,Self-Employed,1,12,0,0
22,587191.0,372082.0,383,Self-Employed,1,12,0,0
32,819913.0,482221.0,785,Business,2,24,0,0
40,713119.0,541674.0,662,Salaried,2,36,1,1
54,625513.0,937228.0,751,Business,0,48,1,0
41,548119.0,264821.0,775,Salaried,2,24,4,0
44,793008.0,613672.0,340,Salaried,2,48,0,1
56,904673.0,516392.0,734,Salaried,0,36,0,0
36,854048.0,370746.0,720,Salaried,0,36,0,1
50,336005.0,311822.0,764,Salaried,1,36,2,1
24,514244.0,385302.0,565,Business,0,48,0,0
50,410916.0,407797.0,875,Salaried,5,48,2,1
45,585346.0,369563.0,745,Self-Employed,0,12,0,0
30,805301.0,677564.0,529,Salaried,2,36,2,1
62,656154.0,133395.0,627,Self-Employed,2,12,1,0
42,709022.0,707979.0,453,Salaried,0,36,0,1
59,883486.0,931877.0,760,Salaried,3,36,0,1
31,919692.0,286942.0,448,Salaried,1,36,0,0
32,1098690.0,703240.0,542,Salaried,3,48,3,1
31,420055.0,288659.0,646,Salaried,1,60,0,0
52,828604.0,636909.0,761,Self-Employed,1,24,1,0
23,489439.0,370751.0,545,Business,1,24,0,0
25,558333.0,601621.0,576,Salaried,0,36,1,0
34,361556.0,581183.0,617,Business,1,36,0,1
45,626216.0,541529.0,757,Salaried,1,60,1,1
46,1121404.0,685115.0,427,Salaried,0,48,0,0
27,457022.0,742479.0,811,Self-Employed,2,24,0,1
54,890653.0,393618.0,647,Salaried,2,12,1,0
40,625432.0,362233.0,433,Business,0,24,1,1
50,580517.0,300379.0,774,Business,2,48,0,0
38,395697.0,469805.0,362,Salaried,0,36,1,1
61,1045426.0,470881.0,690,Salaried,0,24,1,1
64,1203055.0,244842.0,831,Salaried,0,12,0,0
22,740826.0,290830.0,884,Business,1,12,0,0
59,478286.0,255033.0,321,Salaried,0,60,3,1
33,507383.0,749926.0,676,Salaried,1,36,0,1
39,1041907.0,395685.0,752,Salaried,0,48,1,0
37,884811.0,205959.0,775,Business,3,12,1,0
31,504777.0,428581.0,354,Salaried,0,36,1,1
22,686839.0,735367.0,719,Salaried,0,24,0,1
49,1007281.0,296508.0,781,Salaried,2,12,0,0
39,874682.0,349508.0,303,Salaried,3,36,1,0
24,582392.0,414621.0,585,Salaried,0,60,0,0
56,697673.0,462344.0,616,Salaried,0,24,0,1
44,811756.0,577704.0,369,Salaried,1,24,2,1
62,626567.0,394029.0,659,Self-Employed,0,36,0,0
46,838238.0,189322.0,618,Salaried,2,24,1,0
58,288940.0,388187.0,535,Salaried,0,36,0,1
45,987722.0,568605.0,307,Salaried,2,36,0,1
25,827229.0,550230.0,862,Salaried,0,48,1,0
22,721628.0,760595.0,430,Salaried,1,36,1,1
28,150000.0,620879.0,470,Salaried,0,24,0,1
40,1078735.0,255793.0,469,Self-Employed,0,48,0,1
48,404518.0,474981.0,340,Salaried,0,12,0,1
30,895279.0,654263.0,387,Business,1,60,1,0
48,1059646.0,554414.0,378,Salaried,1,12,0,1
40,1117914.0,447710.0,726,Salaried,1,24,0,0
29,567661.0,468309.0,836,Self-Employed,0,24,0,1
34,602144.0,490300.0,411,Business,0,60,0,1
37,720471.0,199339.0,708,Self-Employed,0,36,0,0
35,400891.0,255851.0,666,Business,2,24,0,0
30,340286.0,340437.0,883,Business,0,60,0,1
35,1244290.0,428531.0,362,Salaried,2,24,0,1
48,754061.0,663566.0,423,Business,2,24,1,1
48,704705.0,527588.0,487,Self-Employed,2,12,0,0
39,415961.0,773370.0,359,Self-Employed,0,12,2,1
58,878967.0,236355.0,469,Salaried,0,24,0,0
44,671149.0,747303.0,540,Self-Employed,0,60,1,1
43,591393.0,536530.0,381,Salaried,3,48,1,0
53,664658.0,328728.0,496,Self-Employed,3,48,0,0
55,455293.0,609546.0,872,Self-Employed,0,36,1,1
53,985300.0,390625.0,623,Salaried,2,12,1,0
28,285586.0,333695.0,765,Self-Employed,1,12,1,1
64,679842.0,462338.0,855,Salaried,1,12,1,0
50,976094.0,198279.0,654,Self-Employed,1,12,1,0
31,975117.0,211951.0,590,Business,1,60,1,0
45,773233.0,335124.0,322,Salaried,1,48,2,0
56,927965.0,524842.0,720,Salaried,2,60,0,0
60,288828.0,483196.0,617,Self-Employed,2,24,0,1
61,598902.0,530455.0,641,Salaried,1,12,0,1
40,531944.0,279611.0,318,Salaried,0,12,1,1
32,794934.0,316875.0,627,Salaried,0,36,1,0
21,642967.0,347213.0,601,Business,1,24,1,0
58,779785.0,226222.0,745,Self-Employed,3,24,1,0
51,475421.0,266142.0,748,Salaried,0,24,0,0
51,612172.0,562278.0,493,Salaried,1,60,0,1
32,1038975.0,598777.0,492,Salaried,3,48,0,0
51,565641.0,61621.0,804,Salaried,1,36,0,0
46,554366.0,341616.0,486,Business,2,12,1,0
53,877822.0,330033.0,696,Salaried,2,60,0,0
40,272160.0,178669.0,878,Self-Employed,1,24,1,0
54,823229.0,276922.0,404,Self-Employed,1,24,1,0
27,334658.0,206876.0,453,Salaried,0,48,1,0
40,504051.0,508740.0,728,Salaried,2,60,1,1
47,767051.0,68992.0,457,Salaried,1,60,1,1
51,688278.0,908365.0,358,Business,0,48,1,1
21,915542.0,447584.0,646,Self-Employed,1,36,1,0
36,332198.0,87072.0,463,Salaried,0,60,1,0
31,802895.0,139611.0,580,Business,1,12,1,0
42,661841.0,389665.0,762,Self-Employed,2,48,0,0
25,693453.0,261028.0,580,Salaried,2,48,0,1
22,823846.0,401079.0,888,Salaried,0,48,1,0
63,655600.0,570816.0,742,Salaried,1,12,0,0
31,435647.0,620178.0,301,Salaried,0,12,0,1
39,822232.0,83484.0,816,Salaried,2,60,1,0
51,949496.0,278039.0,723,Business,1,36,0,0
61,1097828.0,436821.0,711,Business,1,48,2,0
60,555334.0,170289.0,402,Business,0,12,2,0
44,740427.0,519768.0,361,Self-Employed,0,36,0,0
41,214932.0,568315.0,332,Business,0,60,1,1
53,427201.0,729377.0,688,Salaried,0,48,1,1
54,238910.0,458687.0,610,Salaried,2,36,2,1
49,707499.0,720557.0,652,Business,3,24,0,1
56,644542.0,185069.0,698,Business,1,12,0,0
27,961602.0,512093.0,676,Self-Employed,0,24,0,0
21,509617.0,581889.0,617,Salaried,2,36,1,1
31,679875.0,598464.0,499,Salaried,1,36,2,1
25,603005.0,764637.0,430,Self-Employed,1,48,0,1
33,854149.0,411007.0,512,Business,1,60,1,1
57,419636.0,248457.0,558,Business,2,24,0,0
60,825234.0,355878.0,604,Business,1,36,1,0
25,1006983.0,104603.0,756,Business,1,48,2,0
54,653890.0,60880.0,361,Salaried,0,60,1,0
39,346635.0,589424.0,487,Salaried,0,36,1,1
28,361771.0,327363.0,611,Business,1,60,1,1
33,373303.0,737889.0,545,Business,0,36,0,0
29,789411.0,345841.0,647,Self-Employed,1,36,1,1
33,978434.0,597607.0,593,Salaried,0,48,0,0
43,1159604.0,373639.0,742,Self-Employed,0,12,2,1
42,566060.0,242690.0,482,Salaried,2,24,0,0
64,811105.0,50000.0,466,Salaried,1,48,2,1
24,587591.0,524018.0,725,Self-Employed,2,24,1,1
59,335459.0,639559.0,851,Salaried,0,60,1,1
52,387490.0,214131.0,344,Salaried,0,60,0,0
21,697054.0,435300.0,459,Self-Employed,0,24,0,1
34,257509.0,703841.0,639,Salaried,2,48,0,1
43,452493.0,661421.0,347,Salaried,0,24,1,1
50,309973.0,163900.0,513,Self-Employed,0,36,0,0
21,287539.0,337308.0,304,Salaried,1,12,0,1
62,446018.0,763545.0,514,Salaried,2,36,0,1
31,324949.0,282257.0,829,Self-Employed,2,36,0,1
52,779175.0,181265.0,426,Self-Employed,0,12,0,0
46,896299.0,484080.0,638,Self-Employed,0,60,3,0
62,1088447.0,543234.0,589,Salaried,2,36,1,0
31,1136476.0,355792.0,792,Salaried,0,48,0,0
38,1204407.0,591229.0,699,Salaried,1,36,0,0
33,840911.0,572499.0,719,Salaried,0,24,1,0
34,226219.0,350956.0,414,Self-Employed,0,12,0,1
34,536940.0,274923.0,591,Salaried,3,48,0,0
38,853164.0,222786.0,344,Business,1,60,0,0
25,600382.0,736130.0,840,Self-Employed,2,48,0,1
30,439986.0,526853.0,603,Salaried,1,36,1,1
58,579586.0,376289.0,776,Self-Employed,1,36,0,0
58,762460.0,376320.0,685,Business,0,36,0,0
34,707724.0,376553.0,590,Salaried,0,12,0,0
53,708404.0,640506.0,784,Salaried,0,12,0,1
45,398765.0,555500.0,889,Salaried,0,12,1,1
42,150000.0,293142.0,745,Business,0,36,0,1
61,616312.0,719145.0,853,Self-Employed,0,60,0,1
24,368572.0,330329.0,538,Self-Employed,1,24,0,1
38,339054.0,420680.0,593,Self-Employed,0,60,0,1
50,515620.0,107628.0,860,Business,0,60,1,1
31,482833.0,707980.0,811,Self-Employed,0,48,1,1
30,536251.0,802285.0,766,Salaried,1,48,1,1
52,406744.0,258323.0,856,Business,2,12,1,0
59,725524.0,467614.0,430,Salaried,2,48,0,1
46,777543.0,466108.0,727,Salaried,3,36,0,0
60,978526.0,288519.0,437,Self-Employed,2,36,1,1
28,789701.0,397046.0,504,Self-Employed,0,12,0,0
31,413291.0,244114.0,800,Business,1,60,0,0
38,504530.0,427952.0,547,Salaried,2,12,0,0
38,608305.0,652455.0,539,Business,1,36,0,1
37,537622.0,400447.0,475,Business,0,36,0,0
33,455077.0,158862.0,391,Salaried,2,60,2,1
54,150000.0,480388.0,809,Salaried,1,60,0,0
34,649833.0,540676.0,664,Business,0,48,1,0
43,495002.0,477172.0,805,Salaried,0,12,0,1
60,589021.0,280379.0,568,Business,0,60,3,0
21,628897.0,688958.0,613,Salaried,1,36,2,1
43,563057.0,441761.0,699,Self-Employed,1,60,0,0
22,567929.0,472849.0,838,Salaried,2,36,0,1
22,876898.0,146326.0,322,Salaried,1,24,0,0
47,786842.0,396795.0,832,Self-Employed,1,12,1,0
62,574750.0,50000.0,578,Business,0,12,1,0
52,736967.0,137295.0,460,Salaried,1,36,0,0
24,541067.0,358426.0,678,Salaried,0,36,0,0
33,810578.0,299032.0,321,Self-Employed,2,48,1,0
28,328668.0,458973.0,429,Self-Employed,0,60,0,1
35,934651.0,820581.0,739,Self-Employed,1,12,2,1
52,786861.0,309959.0,582,Business,2,12,0,0
60,778733.0,76316.0,808,Self-Employed,1,48,1,0
28,742404.0,427684.0,390,Self-Employed,1,12,0,0
22,819285.0,272461.0,554,Self-Employed,0,60,1,1
46,1080649.0,396431.0,516,Salaried,1,60,1,0
34,639874.0,262149.0,377,Salaried,1,12,1,0
21,1205477.0,195922.0,799,Business,0,36,0,0
49,384108.0,404049.0,462,Salaried,1,48,0,1
26,852252.0,477701.0,504,Salaried,1,24,1,0
60,150000.0,556995.0,844,Salaried,1,12,1,1
45,895544.0,644559.0,549,Salaried,1,60,1,1
29,846775.0,383153.0,351,Self-Employed,1,48,1,1
43,930233.0,626286.0,470,Business,1,36,0,0
64,874881.0,545984.0,842,Business,2,24,2,0
61,546906.0,561898.0,691,Self-Employed,1,60,1,1
42,878282.0,437402.0,450,Salaried,0,60,0,0
31,825591.0,306983.0,408,Self-Employed,0,12,1,0
48,1014658.0,579331.0,491,Business,2,48,0,0
33,622583.0,523431.0,353,Salaried,0,24,0,0
40,1009374.0,706822.0,868,Salaried,1,36,0,0
22,935402.0,378218.0,502,Business,2,60,0,0
25,467919.0,522344.0,502,Salaried,2,60,0,1
57,446736.0,371888.0,604,Salaried,0,24,0,1
52,864252.0,50000.0,331,Salaried,2,48,0,0
46,873824.0,136910.0,357,Salaried,1,12,0,0
29,977987.0,665069.0,731,Salaried,0,36,0,0
24,691115.0,379761.0,697,Salaried,2,60,0,0
32,846042.0,327976.0,497,Salaried,1,36,1,0
21,1296770.0,50000.0,545,Business,2,36,0,0
62,650739.0,415428.0,708,Salaried,1,12,0,0
21,798639.0,742332.0,481,Salaried,2,24,0,1
42,534958.0,121022.0,766,Salaried,3,60,1,0
53,1001508.0,345288.0,874,Salaried,1,48,0,0
31,775557.0,497600.0,497,Self-Employed,0,60,0,0
35,587958.0,931135.0,887,Salaried,2,36,2,1
49,644152.0,476139.0,524,Self-Employed,0,36,0,0
28,581707.0,299552.0,506,Salaried,0,36,0,0
62,581303.0,181161.0,386,Salaried,2,36,0,0
51,551227.0,591932.0,833,Salaried,1,12,1,1
50,796937.0,459004.0,561,Self-Employed,0,12,1,0
35,449709.0,233356.0,386,Salaried,1,12,0,0
42,933141.0,50000.0,870,Business,0,24,2,0
28,699816.0,686980.0,854,Self-Employed,0,48,1,1
61,690475.0,191327.0,404,Business,4,48,0,0
34,694005.0,209975.0,332,Salaried,1,60,0,1
24,752507.0,215937.0,423,Business,0,60,0,0
55,337061.0,111290.0,309,Self-Employed,0,36,0,0
63,720489.0,237666.0,307,Self-Employed,0,24,1,1
53,553544.0,272523.0,605,Self-Employed,1,12,1,1
38,1257370.0,297481.0,343,Salaried,1,12,0,1
46,868495.0,398259.0,451,Business,0,24,0,0
23,722292.0,393005.0,812,Business,2,60,0,0
63,683840.0,413154.0,497,Self-Employed,0,60,2,1
37,1257289.0,611078.0,779,Salaried,0,48,2,0
44,150000.0,167899.0,569,Self-Employed,2,36,0,1
62,733371.0,577833.0,777,Salaried,2,12,0,0
59,691838.0,363652.0,353,Business,1,48,0,1
48,302191.0,564090.0,740,Business,1,12,0,1
44,937228.0,319822.0,898,Salaried,1,24,1,0
23,695321.0,117528.0,347,Salaried,1,60,1,1
42,1483860.0,159433.0,402,Self-Employed,1,24,1,1
44,591506.0,463243.0,683,Salaried,0,24,0,0
25,1050532.0,412037.0,724,Salaried,0,12,1,0
49,469417.0,410937.0,388,Self-Employed,3,60,1,1
57,909394.0,175466.0,867,Salaried,0,36,0,0
27,1092901.0,388727.0,374,Salaried,1,48,0,0
41,798721.0,170460.0,406,Salaried,1,36,0,1
30,482973.0,386776.0,592,Self-Employed,1,12,1,1
26,942053.0,654006.0,651,Self-Employed,0,36,0,1
57,724030.0,654593.0,327,Salaried,2,36,0,0
37,944370.0,672240.0,362,Salaried,0,60,1,0
44,1337505.0,363047.0,672,Self-Employed,0,60,1,0
51,382843.0,267016.0,776,Salaried,0,12,0,0
32,898713.0,649810.0,741,Self-Employed,0,60,1,1
26,845841.0,564957.0,832,Salaried,0,36,1,0
64,758228.0,408233.0,897,Salaried,1,12,1,0
46,851322.0,509946.0,562,Business,1,36,1,0
30,201801.0,511835.0,899,Salaried,1,24,1,1
24,430935.0,546778.0,667,Salaried,1,60,0,1
28,627122.0,521180.0,711,Salaried,1,36,1,1
63,1125800.0,50000.0,713,Salaried,1,36,1,0
35,537770.0,298746.0,863,Self-Employed,1,12,0,1
28,599780.0,102540.0,735,Salaried,0,60,0,1
26,697452.0,559838.0,590,Salaried,1,48,0,1
58,332334.0,60740.0,856,Self-Employed,1,48,0,0
21,599397.0,126954.0,843,Salaried,1,48,0,0
53,487569.0,352555.0,739,Salaried,1,36,2,0
31,150000.0,273599.0,642,Salaried,4,36,0,1
34,150000.0,499671.0,523,Salaried,0,36,0,1
64,608413.0,403165.0,674,Business,2,60,0,0
63,707558.0,641523.0,446,Salaried,2,48,0,1
49,601790.0,86814.0,471,Salaried,0,24,1,0
63,411707.0,50000.0,876,Business,2,12,0,0
23,842729.0,386288.0,306,Salaried,0,24,1,0
53,242035.0,243554.0,558,Salaried,1,48,1,1
33,655720.0,50000.0,650,Salaried,3,36,1,0
27,567501.0,317246.0,486,Salaried,0,48,1,0
54,505295.0,271988.0,304,Salaried,0,48,0,1
27,849043.0,463014.0,851,Salaried,1,36,1,0
60,1113878.0,509403.0,552,Self-Employed,2,24,0,0
35,409299.0,453814.0,576,Salaried,2,48,0,0
36,357321.0,388930.0,446,Self-Employed,4,60,1,1
57,619483.0,408988.0,502,Salaried,0,60,1,1
45,1029056.0,491956.0,586,Salaried,1,60,0,0
34,553031.0,808903.0,557,Salaried,1,24,0,1
27,1026834.0,210073.0,869,Salaried,0,36,0,0
61,565395.0,379523.0,858,Business,2,12,0,0
38,718735.0,738789.0,316,Salaried,1,24,2,1
40,644592.0,556913.0,795,Salaried,1,24,0,1
46,970775.0,50000.0,609,Self-Employed,0,36,1,0
55,743494.0,224705.0,796,Salaried,1,60,1,0
31,691212.0,50000.0,794,Salaried,2,12,0,0
50,450321.0,257210.0,401,Business,1,60,1,1
51,351001.0,163603.0,835,Salaried,0,60,1,0
29,633691.0,618872.0,554,Business,1,48,2,1
43,998990.0,755679.0,375,Self-Employed,1,12,2,0
39,426188.0,723133.0,746,Salaried,1,48,0,1
46,889081.0,593686.0,455,Self-Employed,2,12,0,1
40,628668.0,382767.0,760,Business,0,36,0,1
21,509313.0,511912.0,899,Business,3,36,0,0
57,606416.0,365394.0,486,Business,0,12,3,1
63,1107784.0,476716.0,386,Salaried,3,36,1,1
52,1038907.0,873032.0,417,Salaried,1,12,1,1
26,525159.0,446033.0,822,Self-Employed,1,24,1,1
21,536663.0,697104.0,734,Self-Employed,1,48,1,1
44,738258.0,356090.0,490,Salaried,1,12,1,0
61,962453.0,359849.0,652,Salaried,2,60,0,0
30,536482.0,50000.0,446,Business,1,36,1,0
24,390897.0,417798.0,874,Salaried,2,60,0,1
59,789294.0,341718.0,836,Self-Employed,3,36,0,0
57,356592.0,660156.0,751,Salaried,2,36,0,1
28,930796.0,704916.0,787,Self-Employed,1,36,0,0
25,464114.0,499316.0,804,Salaried,1,36,0,0
62,487226.0,99888.0,318,Salaried,0,36,0,0
24,150000.0,397425.0,683,Salaried,3,60,1,1
43,820210.0,788333.0,563,Self-Employed,1,24,1,1
55,944071.0,637207.0,604,Self-Employed,2,24,0,0
27,572444.0,634017.0,345,Salaried,0,48,1,1
22,397889.0,577835.0,823,Salaried,0,24,1,1
35,642115.0,521076.0,627,Salaried,1,60,0,1
24,577061.0,585090.0,331,Salaried,2,36,0,1
43,573580.0,144619.0,489,Self-Employed,0,48,0,0
32,574322.0,229932.0,394,Salaried,1,24,1,0
45,527161.0,456086.0,454,Self-Employed,3,60,0,1
42,198705.0,492488.0,708,Salaried,0,36,0,0
50,525023.0,284245.0,868,Salaried,0,48,0,0
44,1175069.0,493861.0,579,Business,1,12,0,0
30,150000.0,282751.0,887,Self-Employed,1,24,1,1
22,511811.0,443120.0,658,Self-Employed,0,48,2,0
28,885206.0,366262.0,820,Salaried,0,48,2,0
53,493419.0,625321.0,775,Self-Employed,1,12,1,1
60,675160.0,539538.0,502,Salaried,2,60,0,0
23,566505.0,485667.0,481,Self-Employed,3,24,2,1
35,973298.0,278155.0,468,Salaried,1,48,0,1
63,528807.0,584393.0,852,Self-Employed,1,24,1,1
29,750706.0,416287.0,385,Business,1,24,0,0
30,562050.0,677221.0,637,Salaried,0,48,0,0
40,342301.0,540252.0,393,Self-Employed,5,60,1,1
21,324019.0,769334.0,883,Salaried,1,60,1,1
40,359156.0,375863.0,879,Salaried,0,12,0,0
39,900314.0,50000.0,877,Self-Employed,0,12,0,0
36,552328.0,377411.0,762,Salaried,0,60,2,0
31,932015.0,585204.0,340,Salaried,0,48,0,0
31,162914.0,50000.0,354,Business,1,60,0,0
25,839915.0,768733.0,856,Salaried,1,12,1,1
46,988861.0,560532.0,831,Salaried,0,60,0,0
59,487181.0,503171.0,774,Business,1,36,1,1
27,832326.0,372566.0,710,Self-Employed,1,24,0,1
29,967408.0,422170.0,459,Salaried,0,36,1,0
28,601383.0,230624.0,548,Salaried,2,24,0,0
35,527649.0,379436.0,583,Salaried,0,36,0,0
46,915466.0,452116.0,423,Self-Employed,1,48,0,0
53,277904.0,256678.0,600,Salaried,3,36,0,1
57,476286.0,175974.0,596,Salaried,1,24,0,0
25,625849.0,463440.0,417,Self-Employed,1,48,1,1
33,541895.0,337804.0,375,Salaried,1,24,0,0
40,150000.0,514523.0,518,Business,1,12,0,1
42,964196.0,232914.0,527,Salaried,1,12,0,0
56,369644.0,328296.0,523,Salaried,0,12,2,1
42,803015.0,422377.0,599,Self-Employed,1,60,0,1
41,489572.0,310406.0,325,Self-Employed,4,12,1,1
62,901161.0,100000.0,584,Self-Employed,1,36,1,0
26,925638.0,290304.0,375,Salaried,1,36,1,0
54,263972.0,291846.0,637,Business,2,60,0,1
26,552961.0,503690.0,422,Self-Employed,0,36,0,1
26,580312.0,226904.0,587,Salaried,1,12,1,0
51,348769.0,369438.0,896,Self-Employed,0,12,0,1
21,386024.0,539116.0,431,Self-Employed,2,24,1,1
31,755174.0,632825.0,864,Self-Employed,0,36,0,1
43,498394.0,623167.0,496,Self-Employed,1,36,0,1
25,740935.0,323132.0,673,Business,0,24,0,0
51,606079.0,166854.0,472,Salaried,3,60,1,1
54,307321.0,633329.0,791,Business,1,60,1,1
28,815512.0,212044.0,836,Business,1,24,0,0
46,427515.0,483739.0,841,Salaried,1,48,0,1
53,356001.0,460831.0,644,Self-Employed,0,36,1,1
42,385781.0,399049.0,731,Business,2,60,2,1
38,566463.0,519209.0,352,Self-Employed,0,12,1,1
53,800571.0,260632.0,890,Self-Employed,0,36,1,0
23,735165.0,50000.0,680,Self-Employed,1,24,2,0
32,633283.0,356384.0,570,Salaried,0,60,0,0
55,724090.0,391696.0,826,Salaried,1,12,1,1
36,556394.0,471523.0,892,Salaried,1,60,1,1
52,642680.0,268295.0,765,Salaried,1,12,0,0
42,509454.0,361623.0,448,Salaried,1,12,1,0
38,557172.0,378666.0,652,Salaried,1,24,0,0
37,350091.0,330031.0,736,Salaried,1,60,2,0
58,150000.0,610483.0,663,Salaried,1,24,1,1
41,766826.0,262820.0,517,Business,1,36,0,0
31,808868.0,446505.0,443,Salaried,1,24,0,0
31,600255.0,559549.0,452,Business,0,48,1,1
27,942241.0,50000.0,632,Business,4,60,1,0
22,696582.0,197608.0,522,Business,2,12,1,0
40,814821.0,271136.0,308,Salaried,1,60,1,1
45,889883.0,446376.0,553,Business,1,24,1,1
43,702072.0,637943.0,310,Self-Employed,1,12,0,1
44,780049.0,383489.0,335,Salaried,1,48,0,0
26,716228.0,530727.0,400,Self-Employed,0,36,0,1
59,565993.0,366386.0,630,Salaried,2,48,0,1
36,340453.0,648675.0,825,Salaried,1,24,0,1
52,538199.0,244060.0,321,Self-Employed,1,12,0,0
40,512510.0,274416.0,823,Business,0,36,0,0
24,150000.0,586156.0,548,Business,0,60,1,1
33,607464.0,249952.0,870,Self-Employed,2,60,1,0
33,424124.0,341564.0,692,Business,1,36,0,0
25,751729.0,603789.0,433,Salaried,0,36,0,1
64,502219.0,386159.0,362,Business,2,24,2,0
64,640125.0,268217.0,663,Salaried,0,60,1,0
41,999642.0,523016.0,493,Self-Employed,1,12,1,0
38,529988.0,654254.0,519,Salaried,1,12,0,1
28,490459.0,348542.0,554,Self-Employed,1,12,2,1
46,569914.0,614736.0,871,Salaried,1,48,1,1
38,150000.0,351087.0,638,Salaried,1,36,1,0
64,445380.0,141081.0,397,Self-Employed,1,48,2,1
38,533877.0,266691.0,615,Business,3,48,0,0
39,464635.0,441447.0,850,Self-Employed,1,48,1,1
62,523154.0,416038.0,778,Business,0,12,0,0
63,1005113.0,410974.0,524,Salaried,1,12,1,0
47,254734.0,530476.0,550,Business,2,48,0,1
63,730322.0,115066.0,480,Salaried,1,36,0,0
43,783723.0,586049.0,514,Business,1,36,0,0
33,565484.0,50000.0,339,Salaried,0,36,0,0
25,891249.0,446475.0,840,Salaried,0,48,0,1
38,1039067.0,409501.0,899,Business,2,24,1,0
22,257875.0,119320.0,827,Self-Employed,0,48,0,0
28,523321.0,492440.0,336,Salaried,0,24,1,1
47,440274.0,50000.0,734,Salaried,0,48,0,0
55,349020.0,385561.0,710,Salaried,0,24,0,0
21,804732.0,497758.0,452,Salaried,1,12,0,0
63,521759.0,113430.0,810,Self-Employed,2,24,1,0
39,561898.0,348017.0,773,Salaried,0,36,1,0
47,670754.0,248292.0,679,Business,3,12,0,0
47,885791.0,607673.0,369,Salaried,0,48,0,0
61,243744.0,379901.0,764,Business,1,36,2,1
21,328779.0,324779.0,770,Salaried,0,12,0,1
21,646112.0,531913.0,418,Salaried,0,12,0,0
43,818225.0,331141.0,357,Salaried,1,12,1,0
46,817225.0,402703.0,750,Salaried,2,12,0,0
32,839923.0,320845.0,413,Salaried,1,60,0,1
21,453890.0,366495.0,493,Salaried,2,12,1,0
63,210168.0,50000.0,758,Salaried,0,24,1,0
36,404691.0,305707.0,608,Self-Employed,1,60,2,1
53,821686.0,679425.0,506,Self-Employed,2,24,2,1
59,607073.0,362431.0,897,Business,4,12,0,0
42,536494.0,166366.0,333,Salaried,0,24,2,0
42,917557.0,153783.0,502,Salaried,0,60,0,0
47,717652.0,194203.0,473,Self-Employed,1,12,1,0
43,653046.0,602754.0,446,Self-Employed,1,48,0,1
37,1003370.0,509010.0,883,Salaried,1,60,0,0
44,892175.0,204916.0,762,Business,0,24,1,0
52,470040.0,452547.0,721,Salaried,1,12,1,0
31,548779.0,493747.0,892,Salaried,1,48,1,0
25,485197.0,154241.0,475,Salaried,1,48,0,0
35,584759.0,209301.0,593,Salaried,1,12,1,0
56,150000.0,50000.0,559,Self-Employed,0,12,3,1
39,661191.0,739279.0,891,Self-Employed,0,12,0,1
26,680681.0,420400.0,429,Salaried,0,60,0,0
61,634512.0,368412.0,522,Salaried,0,36,0,0
56,407231.0,361503.0,820,Salaried,1,60,3,1
28,701623.0,428105.0,479,Salaried,0,12,1,0
53,825290.0,407173.0,824,Salaried,0,60,0,0
36,744602.0,390922.0,871,Salaried,1,60,1,0
36,926405.0,219569.0,869,Salaried,0,48,1,0
63,205293.0,268312.0,626,Self-Employed,1,48,1,1
46,656834.0,110878.0,383,Salaried,0,60,0,1
27,860766.0,463520.0,470,Business,1,12,0,0
64,842234.0,174712.0,609,Salaried,2,24,0,0
44,955156.0,536670.0,442,Salaried,2,36,3,1
64,486525.0,366905.0,546,Business,2,48,0,0
42,860597.0,686393.0,890,Salaried,0,60,0,0
61,874657.0,502400.0,750,Self-Employed,1,24,0,0
56,571811.0,495865.0,322,Business,0,24,1,1
59,311902.0,514599.0,567,Self-Employed,2,60,1,1
30,519161.0,626506.0,596,Salaried,0,24,0,0
43,914341.0,392246.0,769,Salaried,1,48,1,0
35,574474.0,79453.0,495,Salaried,3,60,0,1
29,1005064.0,837866.0,740,Business,0,48,1,1
60,417380.0,491807.0,799,Self-Employed,2,12,1,1
37,485425.0,438983.0,480,Self-Employed,0,60,0,1
29,928182.0,207251.0,841,Self-Employed,1,12,1,0
49,182567.0,612562.0,301,Salaried,1,12,0,1
60,773900.0,371512.0,632,Salaried,1,48,0,0
33,667110.0,275149.0,635,Salaried,1,36,1,0
37,150000.0,648199.0,760,Salaried,4,12,0,0
30,518912.0,607992.0,675,Business,0,48,1,1
31,500124.0,248783.0,409,Salaried,0,36,1,0
36,841943.0,605857.0,682,Self-Employed,1,48,0,1
46,441269.0,162300.0,398,Salaried,2,12,1,0
58,605979.0,716982.0,552,Salaried,0,60,1,1
55,803309.0,273369.0,343,Business,2,48,1,0
34,150000.0,391835.0,605,Salaried,1,48,1,1
26,947564.0,632662.0,545,Salaried,1,48,1,0
64,310304.0,308684.0,888,Salaried,1,48,0,1
50,712071.0,802705.0,827,Self-Employed,0,24,0,0
32,551522.0,60120.0,321,Business,0,36,1,1
40,621694.0,422091.0,399,Salaried,1,12,0,0
45,883360.0,476514.0,865,Business,2,36,0,0
64,377621.0,501502.0,616,Self-Employed,0,36,1,1
59,485630.0,619042.0,383,Self-Employed,0,24,1,1
41,683328.0,315548.0,537,Business,1,60,0,0
55,522460.0,192865.0,665,Salaried,1,60,0,0
50,833332.0,331305.0,694,Self-Employed,1,36,1,0
48,567014.0,673367.0,737,Salaried,0,36,1,1
48,482565.0,455282.0,675,Salaried,1,24,0,1
44,700924.0,831443.0,513,Salaried,1,36,0,1
38,676900.0,662004.0,634,Salaried,0,24,0,0
45,391424.0,414913.0,313,Self-Employed,3,60,0,0
63,825429.0,170363.0,452,Salaried,2,36,2,1
35,1400428.0,470560.0,401,Self-Employed,0,48,1,0
29,772626.0,610505.0,491,Self-Employed,0,60,0,0
61,496861.0,194702.0,639,Salaried,0,60,2,0
59,700000.0,214004.0,519,Salaried,0,12,1,0
34,411962.0,404240.0,836,Salaried,0,60,0,1
23,698242.0,419191.0,540,Salaried,2,60,0,0
28,531484.0,246058.0,494,Business,1,12,6,1
39,585149.0,464612.0,569,Business,1,48,0,0
24,641597.0,548321.0,898,Business,1,12,0,0
22,511513.0,482416.0,362,Business,2,60,1,1
60,540793.0,440673.0,692,Salaried,0,24,1,0
59,223704.0,382388.0,349,Salaried,0,48,1,1
29,366123.0,312682.0,763,Salaried,2,36,0,0
26,718745.0,390806.0,406,Salaried,0,24,1,0
24,822853.0,50000.0,830,Self-Employed,0,48,0,0
60,450265.0,421387.0,643,Business,0,24,0,0
25,352389.0,161195.0,572,Self-Employed,1,48,0,0
25,660019.0,731031.0,442,Salaried,1,48,1,1
44,748911.0,335786.0,809,Salaried,1,36,2,0
37,786974.0,129519.0,664,Self-Employed,4,12,2,1
21,723266.0,341989.0,567,Salaried,2,24,1,0
21,821779.0,715947.0,642,Salaried,1,60,1,1
42,212642.0,363103.0,713,Business,1,36,0,0
45,1063355.0,406454.0,573,Salaried,1,12,0,0
48,918851.0,415122.0,785,Salaried,2,24,2,0
41,583346.0,448091.0,508,Salaried,3,12,0,0
47,961139.0,643506.0,434,Salaried,0,12,0,0
39,415848.0,480202.0,797,Self-Employed,1,12,0,0
27,670579.0,755992.0,626,Salaried,2,60,4,1
56,1093070.0,401601.0,529,Self-Employed,2,60,2,0
24,970690.0,329765.0,478,Salaried,2,60,1,0
28,643697.0,451903.0,842,Self-Employed,1,36,3,1
42,1034044.0,312374.0,879,Self-Employed,0,36,2,0
29,481807.0,532530.0,598,Business,3,48,0,1
42,541022.0,792912.0,329,Salaried,2,12,1,1
39,630657.0,50000.0,307,Business,1,48,1,1
26,584201.0,820213.0,654,Salaried,1,36,0,1
40,240625.0,322524.0,877,Salaried,1,60,1,1
45,527177.0,317530.0,589,Salaried,1,60,0,0
61,438419.0,843792.0,350,Salaried,1,12,1,1
33,413829.0,522149.0,879,Salaried,1,48,0,1
37,1173812.0,93650.0,883,Self-Employed,1,48,1,0
36,777076.0,692727.0,581,Salaried,2,48,1,1
33,338670.0,217850.0,609,Salaried,1,12,2,0
55,475160.0,337138.0,381,Salaried,1,24,0,0
28,766222.0,189576.0,380,Salaried,1,24,2,0
30,711934.0,254940.0,456,Salaried,0,48,2,0
51,997675.0,198503.0,335,Self-Employed,0,60,0,0
35,954968.0,374105.0,843,Salaried,2,48,0,0
64,696396.0,551218.0,605,Self-Employed,0,12,0,0
26,768479.0,440504.0,675,Business,0,36,1,0
27,671151.0,475481.0,483,Salaried,0,60,0,0
48,760569.0,468535.0,766,Business,1,48,1,0
43,720179.0,578286.0,426,Salaried,1,12,0,1
30,150000.0,279752.0,877,Salaried,1,24,1,0
34,540573.0,642512.0,419,Salaried,1,48,0,1
61,922381.0,811616.0,623,Business,0,60,0,0
36,675464.0,290523.0,867,Salaried,1,24,0,0
46,678004.0,672528.0,340,Business,1,48,0,1
26,625408.0,363833.0,456,Salaried,0,60,0,0
57,761614.0,266007.0,720,Salaried,1,24,0,0
46,828596.0,209556.0,690,Business,0,36,0,0
44,1173642.0,279827.0,341,Salaried,0,36,2,0
35,1147093.0,753127.0,557,Salaried,0,24,1,0
26,723906.0,258969.0,380,Self-Employed,1,12,0,1
31,1040799.0,475259.0,415,Salaried,2,24,2,1
34,850641.0,579515.0,610,Salaried,0,36,0,0
44,579932.0,114525.0,681,Salaried,0,48,1,0
54,655211.0,580558.0,708,Business,1,24,0,0
64,540664.0,497342.0,847,Salaried,2,36,0,0
54,150000.0,606482.0,450,Salaried,1,12,0,1
28,613154.0,419675.0,499,Self-Employed,2,36,0,0
43,511278.0,321190.0,671,Salaried,0,60,4,0
25,366663.0,392491.0,681,Business,0,36,2,1
25,317455.0,391627.0,853,Salaried,1,36,0,1
41,897193.0,352365.0,719,Self-Employed,1,48,0,0
54,1390203.0,518184.0,788,Salaried,2,12,0,0
59,422689.0,276282.0,792,Self-Employed,1,36,2,0
21,426947.0,723769.0,756,Self-Employed,2,24,0,1
42,156437.0,618396.0,700,Salaried,3,48,0,1
45,331026.0,159869.0,607,Self-Employed,1,24,0,0
50,776908.0,754131.0,441,Salaried,1,60,0,1
22,1404504.0,555414.0,732,Salaried,1,24,0,0
55,340732.0,189826.0,433,Salaried,1,36,0,0
58,514000.0,136403.0,394,Salaried,0,60,0,0
28,849794.0,282735.0,701,Business,0,60,1,0
47,802694.0,342713.0,826,Business,0,48,0,0
38,896207.0,65263.0,747,Self-Employed,1,12,1,0
53,775157.0,542494.0,725,Business,1,48,1,0
47,860324.0,117252.0,621,Salaried,3,12,0,0
58,707286.0,161507.0,772,Salaried,1,60,1,0
44,273078.0,495631.0,370,Salaried,0,24,1,1
31,608383.0,440966.0,670,Salaried,0,48,0,0
56,987523.0,574816.0,804,Salaried,2,24,1,0
58,840577.0,755926.0,486,Self-Employed,2,60,1,1
44,1071499.0,247656.0,357,Self-Employed,1,60,2,1
49,263067.0,321888.0,832,Salaried,3,12,0,1
21,293983.0,575118.0,769,Business,0,60,2,1
23,918762.0,427917.0,324,Salaried,2,36,1,1
42,518008.0,445921.0,302,Salaried,1,36,0,1
52,526743.0,549413.0,352,Salaried,1,12,1,1
38,911938.0,417502.0,771,Salaried,3,12,0,0
57,1174729.0,334585.0,344,Salaried,0,24,1,0
45,738685.0,362065.0,819,Salaried,3,60,4,0
22,479649.0,851414.0,599,Salaried,1,36,1,1
31,160467.0,441179.0,805,Salaried,0,24,1,0
31,242420.0,256446.0,369,Self-Employed,3,24,0,1
44,818080.0,492428.0,369,Salaried,0,48,2,1
28,443241.0,419539.0,322,Business,1,36,2,1
33,604773.0,171095.0,424,Business,0,48,1,0
31,743543.0,74289.0,681,Salaried,0,48,0,0
57,828603.0,562938.0,513,Self-Employed,1,36,0,0
56,316568.0,265411.0,661,Business,0,60,1,0
29,590651.0,309198.0,414,Self-Employed,1,36,0,0
58,1211710.0,411111.0,773,Self-Employed,0,60,0,0
39,812381.0,183564.0,496,Business,1,24,0,0
28,463527.0,519244.0,723,Business,0,12,0,1
37,1155461.0,203317.0,624,Salaried,4,48,0,1
62,545199.0,442180.0,832,Salaried,1,24,2,1
64,574817.0,305503.0,419,Salaried,0,48,0,0
54,517006.0,517543.0,743,Business,2,36,0,0
56,789644.0,329231.0,572,Salaried,1,60,2,0
60,594128.0,414114.0,580,Salaried,1,24,0,0
58,1159362.0,59123.0,358,Salaried,0,60,0,0
55,596432.0,584459.0,731,Salaried,2,60,1,1
39,844421.0,50000.0,627,Salaried,1,12,2,0
33,869301.0,268264.0,568,Business,0,60,0,0
55,889759.0,507241.0,769,Self-Employed,0,24,0,0
43,704193.0,518961.0,323,Business,0,48,0,0
29,709451.0,294299.0,302,Self-Employed,1,60,0,0
22,816264.0,488092.0,879,Salaried,1,24,0,0
51,551358.0,781066.0,625,Self-Employed,0,60,2,1
51,272243.0,482705.0,691,Self-Employed,0,36,0,1
26,569825.0,249660.0,311,Self-Employed,0,24,2,1
50,672656.0,349935.0,804,Salaried,0,36,0,0
26,627032.0,391286.0,543,Salaried,1,36,0,0
50,643364.0,342480.0,493,Salaried,1,36,1,0
34,616247.0,308924.0,661,Self-Employed,4,48,0,1
48,280500.0,50000.0,471,Business,2,36,0,0
57,341913.0,208198.0,572,Salaried,0,48,0,0
24,884705.0,534630.0,713,Salaried,2,12,1,0
56,561561.0,124476.0,422,Self-Employed,2,36,1,1
41,434564.0,291412.0,793,Salaried,1,12,1,0
31,474460.0,416511.0,880,Salaried,0,24,1,0
23,891271.0,512851.0,372,Self-Employed,0,60,2,1
45,611498.0,436580.0,738,Salaried,1,36,0,0
35,650168.0,578476.0,742,Salaried,2,12,0,0
33,685725.0,574191.0,333,Salaried,0,24,1,0
63,988915.0,837794.0,633,Self-Employed,0,24,1,1
25,510040.0,673215.0,615,Salaried,0,60,2,1
30,1175529.0,69451.0,469,Business,2,48,1,1
46,704882.0,538894.0,494,Self-Employed,1,36,0,0
23,779615.0,355056.0,718,Salaried,2,60,0,0
54,380729.0,287263.0,807,Salaried,1,12,0,0
62,420514.0,432940.0,505,Business,0,48,2,1
34,426405.0,649142.0,307,Business,0,24,1,1
59,648538.0,406756.0,831,Self-Employed,3,60,2,1
34,844998.0,234544.0,787,Salaried,0,24,1,0
35,730629.0,573600.0,327,Business,2,36,1,0
46,587443.0,236669.0,407,Self-Employed,2,36,0,1
57,566100.0,337971.0,823,Salaried,0,12,1,0
30,648600.0,405735.0,893,Salaried,0,12,1,0
62,967961.0,433515.0,673,Salaried,2,36,3,0
30,572238.0,413955.0,353,Self-Employed,2,12,0,0
30,567324.0,238668.0,878,Self-Employed,1,24,0,0
26,363022.0,383026.0,812,Self-Employed,0,48,0,1
44,628469.0,898970.0,528,Business,1,12,1,1
43,1130351.0,196392.0,640,Salaried,1,36,2,0
23,442527.0,179251.0,847,Salaried,3,48,1,1
40,827370.0,391580.0,478,Self-Employed,0,24,1,0
26,555548.0,511509.0,826,Self-Employed,2,24,0,1
60,901067.0,346182.0,674,Self-Employed,2,60,1,0
30,428520.0,287490.0,441,Self-Employed,1,36,0,0
28,237205.0,473038.0,375,Business,0,48,0,1
59,849807.0,677686.0,559,Salaried,1,24,6,0
60,614568.0,198390.0,310,Self-Employed,0,48,0,1
42,495299.0,415053.0,483,Salaried,1,60,0,1
56,506241.0,670164.0,601,Salaried,1,48,1,1
47,755374.0,73469.0,381,Self-Employed,0,60,0,1
34,681099.0,323321.0,343,Self-Employed,1,48,0,0
24,735099.0,471161.0,525,Salaried,1,12,0,0
30,799545.0,567244.0,885,Salaried,2,24,0,0
24,840716.0,315904.0,351,Self-Employed,2,36,0,1
63,458506.0,413494.0,623,Salaried,0,12,0,1
57,654942.0,369949.0,499,Business,0,48,1,0
56,551772.0,89397.0,731,Salaried,0,36,0,0
57,595555.0,50000.0,581,Salaried,0,60,1,0
50,862724.0,436419.0,326,Self-Employed,1,36,1,1
43,1157820.0,455247.0,871,Business,0,12,1,0
33,511710.0,343359.0,525,Salaried,1,24,0,0
63,727788.0,395521.0,713,Business,0,24,2,0
54,726607.0,502044.0,677,Salaried,1,60,0,0
36,669680.0,559657.0,836,Salaried,1,60,1,1
43,815506.0,219871.0,505,Salaried,1,48,0,0
44,797200.0,399506.0,758,Self-Employed,1,48,0,1
51,638209.0,504886.0,655,Self-Employed,1,36,3,0
42,691425.0,581590.0,827,Self-Employed,0,36,1,1
43,967309.0,517368.0,363,Self-Employed,1,36,0,0
41,627751.0,639689.0,749,Salaried,1,48,0,0
57,947146.0,272787.0,629,Salaried,1,24,1,0
56,892763.0,619746.0,634,Salaried,1,48,0,0
63,783636.0,135336.0,634,Salaried,0,36,1,0
64,325163.0,230818.0,498,Business,2,24,0,0
54,179693.0,50000.0,865,Business,1,48,0,0
39,535068.0,311333.0,334,Self-Employed,1,48,0,0
64,886939.0,393025.0,745,Self-Employed,3,36,1,1
57,727462.0,732034.0,826,Salaried,0,24,2,1
42,574104.0,448715.0,476,Self-Employed,1,24,0,0
34,894598.0,362826.0,474,Salaried,1,24,2,0
35,407920.0,180648.0,829,Business,1,36,0,0
64,674006.0,245180.0,426,Business,0,36,1,0
64,551261.0,289799.0,679,Salaried,0,48,0,0
56,476151.0,288166.0,503,Salaried,1,24,0,0
23,150000.0,753635.0,793,Salaried,2,48,0,1
21,843273.0,386933.0,422,Salaried,3,60,0,0
31,173368.0,697015.0,808,Self-Employed,0,12,0,1
43,1065976.0,330242.0,873,Salaried,1,12,0,0
53,941117.0,635610.0,765,Self-Employed,0,36,0,0
24,585336.0,242319.0,727,Salaried,3,48,1,0
37,748068.0,369330.0,818,Salaried,1,48,1,0
51,283521.0,282826.0,340,Salaried,2,36,1,1
50,728661.0,610144.0,682,Salaried,1,60,0,1
36,394335.0,261165.0,691,Business,1,24,1,0
45,700718.0,624910.0,609,Self-Employed,1,24,1,1
43,1058545.0,236665.0,759,Business,0,60,0,0
45,715904.0,461229.0,551,Salaried,1,48,0,0
63,616819.0,290155.0,868,Salaried,2,24,0,0
24,670842.0,392676.0,387,Salaried,1,12,0,0
29,150000.0,331557.0,670,Salaried,1,24,0,1
35,627030.0,517222.0,898,Business,2,24,2,1
53,615094.0,226324.0,342,Business,0,12,1,0
63,477119.0,402899.0,822,Self-Employed,1,36,0,1
34,780111.0,559843.0,506,Business,1,36,0,0
37,315471.0,372590.0,659,Business,1,36,2,0
38,172740.0,292062.0,779,Salaried,1,60,0,1
36,690014.0,460229.0,538,Salaried,0,12,2,0
28,1015917.0,406445.0,314,Self-Employed,1,24,1,0
41,764302.0,555793.0,733,Salaried,2,24,2,0
57,447589.0,459410.0,673,Salaried,1,48,1,1
60,1434264.0,389228.0,790,Salaried,0,36,1,0
58,398432.0,548030.0,427,Salaried,0,36,0,1
47,635345.0,185525.0,806,Salaried,0,24,0,0
40,821118.0,115248.0,642,Salaried,1,48,1,0
32,387217.0,517984.0,382,Self-Employed,3,48,1,1
50,558054.0,600485.0,376,Salaried,1,48,1,1
61,552880.0,443987.0,334,Salaried,0,36,0,1
40,908302.0,445559.0,842,Salaried,0,36,0,0
47,546286.0,566910.0,338,Salaried,2,36,0,1
42,543158.0,466923.0,823,Business,1,24,0,0
45,1033921.0,499407.0,528,Salaried,2,12,0,0
52,748629.0,180664.0,862,Salaried,0,60,1,0
31,963399.0,362357.0,840,Self-Employed,2,60,0,0
42,771987.0,474410.0,597,Salaried,3,36,0,0
41,353911.0,613856.0,756,Salaried,0,24,3,1
58,513798.0,730508.0,340,Self-Employed,0,24,0,0
36,353089.0,611247.0,408,Business,2,24,1,1
39,609195.0,648026.0,882,Salaried,1,36,0,0
38,840024.0,109535.0,452,Salaried,0,48,0,0
36,470530.0,507786.0,647,Business,0,36,1,1
50,670881.0,437061.0,547,Salaried,2,36,0,0
29,786954.0,247255.0,376,Salaried,1,60,2,0
45,768499.0,525770.0,404,Salaried,1,48,0,0
48,456532.0,333252.0,400,Salaried,1,12,0,0
23,494704.0,374472.0,684,Business,1,36,0,0
26,1172475.0,157368.0,704,Salaried,0,24,0,0
29,807750.0,146291.0,532,Salaried,0,60,1,0
36,553047.0,415679.0,783,Salaried,2,60,0,0
34,996312.0,716285.0,797,Salaried,3,60,0,0
59,602607.0,338826.0,878,Salaried,1,60,0,0
43,766532.0,354188.0,837,Salaried,1,48,0,0
60,968620.0,669228.0,346,Salaried,2,12,1,1
26,440631.0,50000.0,825,Business,0,12,1,0
28,609832.0,341166.0,792,Salaried,1,24,2,1
51,321658.0,287859.0,775,Salaried,2,36,1,1
45,812790.0,359383.0,351,Salaried,2,36,0,0
39,150000.0,75981.0,733,Business,0,48,0,0
33,354893.0,1086377.0,887,Business,1,36,0,1
60,817947.0,300133.0,813,Business,4,24,0,0
35,150000.0,435753.0,568,Self-Employed,1,24,0,1
40,500656.0,698927.0,495,Self-Employed,1,36,0,1
22,254986.0,50000.0,682,Salaried,2,24,0,0
28,721355.0,196112.0,597,Self-Employed,1,36,0,0
55,838533.0,223608.0,502,Salaried,0,12,0,0
28,875862.0,556466.0,795,Self-Employed,0,12,1,0
39,482837.0,434423.0,797,Self-Employed,2,24,1,1
22,576892.0,425878.0,404,Salaried,0,24,1,0
55,593685.0,639144.0,811,Salaried,3,48,0,1
59,597349.0,493712.0,437,Self-Employed,1,24,0,1
63,813991.0,178843.0,337,Salaried,2,12,1,0
37,516841.0,658135.0,477,Business,0,12,0,1
40,538364.0,624754.0,442,Business,1,36,0,1
27,672173.0,519158.0,700,Salaried,0,60,1,0
42,705354.0,394981.0,840,Salaried,0,36,0,0
48,782072.0,170338.0,599,Salaried,2,24,0,0
61,745160.0,235856.0,624,Self-Employed,1,48,1,1
32,904303.0,481157.0,881,Salaried,2,36,1,0
28,709490.0,289617.0,755,Salaried,1,12,1,0
51,470665.0,392998.0,792,Self-Employed,3,60,0,1
27,311643.0,217016.0,748,Salaried,1,48,1,0
22,150000.0,168993.0,777,Salaried,0,12,0,0
53,960382.0,636534.0,442,Salaried,1,48,0,0
39,378082.0,482629.0,707,Salaried,1,60,0,1
45,155455.0,50000.0,489,Self-Employed,1,12,1,0
64,826876.0,456714.0,781,Salaried,2,12,0,0
31,660405.0,84703.0,391,Salaried,2,60,0,1
62,609716.0,247125.0,542,Salaried,2,60,2,0
56,274598.0,410881.0,628,Salaried,0,24,2,1
28,684600.0,384442.0,320,Salaried,1,12,1,0
31,800490.0,725210.0,771,Business,0,24,0,1
40,938358.0,379151.0,804,Business,1,24,0,0
36,860591.0,198030.0,611,Salaried,0,60,0,0
36,496484.0,239498.0,729,Salaried,0,24,0,0
30,940164.0,429576.0,539,Business,2,36,1,0
57,826344.0,622047.0,334,Self-Employed,1,36,2,0
28,579361.0,144626.0,339,Salaried,3,60,0,1
54,1048308.0,535995.0,353,Business,0,48,1,0
61,942670.0,408506.0,862,Self-Employed,0,60,0,0
47,608149.0,379381.0,847,Business,4,48,0,0
63,709039.0,304596.0,412,Salaried,1,48,2,1
40,559235.0,1110576.0,702,Business,0,60,0,1
57,980946.0,281642.0,864,Self-Employed,3,12,1,0
58,761258.0,50000.0,551,Business,0,48,1,0
42,455589.0,490811.0,805,Salaried,3,24,0,1
23,1106032.0,555212.0,586,Salaried,2,12,1,0
47,754918.0,426744.0,664,Salaried,1,36,3,0
27,628697.0,490095.0,399,Salaried,0,60,0,0
59,469053.0,530435.0,722,Self-Employed,1,48,1,1
58,382744.0,402247.0,714,Salaried,0,24,1,1
32,796927.0,518842.0,610,Business,0,48,1,0
53,615404.0,502423.0,874,Salaried,0,12,1,0
32,814092.0,237613.0,551,Salaried,2,48,0,1
47,150000.0,666689.0,345,Business,2,12,0,1
57,644353.0,512116.0,523,Business,2,60,1,0
44,479748.0,256068.0,304,Self-Employed,1,12,1,0
32,955603.0,433129.0,589,Self-Employed,2,12,0,0
60,819834.0,108708.0,524,Business,2,36,1,0
38,357346.0,437951.0,546,Salaried,0,60,1,0
37,670290.0,698788.0,400,Self-Employed,2,36,1,1
43,695398.0,436250.0,312,Salaried,0,24,0,0
49,638021.0,311763.0,871,Business,0,36,2,0
52,673190.0,334450.0,895,Salaried,1,36,0,0
27,649641.0,305297.0,322,Salaried,4,36,1,0
42,718351.0,318565.0,796,Salaried,1,60,0,0
24,393089.0,424502.0,620,Business,0,24,1,1
23,595960.0,294443.0,877,Salaried,0,48,1,0
25,741100.0,235866.0,899,Business,0,36,2,0
45,626681.0,199493.0,360,Salaried,2,24,1,0
42,809659.0,543234.0,372,Self-Employed,0,48,0,0
41,508572.0,705309.0,897,Salaried,1,12,0,0
33,845339.0,297553.0,320,Salaried,0,24,1,0
40,680835.0,151377.0,693,Business,0,60,1,0
56,695827.0,307090.0,876,Salaried,1,60,1,0
31,617689.0,326798.0,685,Self-Employed,1,60,1,1
37,330977.0,131614.0,510,Business,0,60,0,1
62,279126.0,729927.0,829,Self-Employed,1,36,0,1
23,734547.0,424768.0,730,Business,1,36,2,1
24,418493.0,642701.0,470,Salaried,0,36,0,0
21,665878.0,329659.0,318,Salaried,0,36,1,0
62,496088.0,399891.0,676,Business,0,48,1,1
39,913827.0,496034.0,847,Salaried,0,36,0,0
59,687908.0,290530.0,438,Salaried,1,60,1,1
61,541787.0,684324.0,577,Self-Employed,0,12,0,0
39,558968.0,333689.0,569,Salaried,2,24,1,0
24,924331.0,463858.0,550,Salaried,1,12,1,1
54,624401.0,481988.0,842,Self-Employed,1,24,0,1
48,716361.0,676578.0,820,Self-Employed,1,60,1,1
28,409983.0,544684.0,728,Business,1,24,1,1
46,575478.0,386106.0,639,Business,1,12,0,0
64,902034.0,334863.0,756,Salaried,0,36,0,0
42,705968.0,547572.0,427,Salaried,1,24,0,1
25,939528.0,271058.0,699,Salaried,1,48,1,1
33,414486.0,393803.0,460,Business,0,24,0,1
55,267786.0,710330.0,425,Salaried,1,48,0,1
46,685159.0,276189.0,857,Salaried,2,48,0,0
64,911144.0,636813.0,716,Salaried,0,60,0,0
62,743572.0,309262.0,599,Salaried,0,60,0,0
56,605757.0,506578.0,584,Salaried,1,12,0,0
31,539683.0,168097.0,396,Business,2,48,0,1
45,618982.0,478224.0,449,Salaried,1,60,1,0
34,631396.0,466593.0,344,Self-Employed,2,24,2,1
33,535269.0,554762.0,756,Salaried,1,48,2,1
26,318157.0,624069.0,663,Salaried,1,60,1,1
50,962222.0,394363.0,688,Self-Employed,2,24,0,0
45,191238.0,273353.0,686,Salaried,1,36,1,0
38,639907.0,140407.0,798,Salaried,1,12,0,0
64,482099.0,145723.0,849,Salaried,1,60,1,0
38,616411.0,238207.0,565,Self-Employed,0,60,1,0
51,351917.0,394458.0,899,Salaried,1,36,0,1
43,530937.0,180920.0,350,Business,2,48,0,0
59,481241.0,465984.0,415,Salaried,0,12,0,0
47,309072.0,458421.0,667,Salaried,3,36,1,1
33,229682.0,645362.0,788,Salaried,1,48,0,1
22,681027.0,712383.0,309,Salaried,1,12,0,1
28,822174.0,397348.0,662,Salaried,2,48,0,0
58,531578.0,298693.0,472,Self-Employed,0,36,2,0
44,1087244.0,427076.0,481,Salaried,0,48,0,0
60,860700.0,399628.0,614,Salaried,0,48,1,0
50,431563.0,256342.0,640,Salaried,0,60,0,0
50,1035294.0,436028.0,304,Salaried,1,36,0,0
28,990162.0,549923.0,408,Salaried,2,48,0,0
28,608676.0,355959.0,587,Salaried,1,60,0,0
38,949450.0,121885.0,512,Salaried,0,48,1,0
57,654912.0,390567.0,894,Salaried,1,60,0,1
32,561947.0,102302.0,458,Salaried,0,24,1,1
28,508362.0,304184.0,777,Salaried,2,48,0,0
58,701893.0,440591.0,467,Self-Employed,1,60,2,1
33,742484.0,461931.0,718,Self-Employed,1,12,0,0
48,802996.0,497144.0,319,Salaried,1,24,2,1
63,423471.0,263026.0,632,Self-Employed,1,12,0,0
63,652271.0,50000.0,717,Salaried,2,48,0,0
37,150000.0,431725.0,894,Self-Employed,5,12,0,1
34,957848.0,674233.0,705,Salaried,1,24,2,1
26,652606.0,281835.0,425,Salaried,0,12,2,0
47,758791.0,345657.0,566,Salaried,0,48,0,0
41,581364.0,405662.0,537,Salaried,1,48,0,0
53,466801.0,385341.0,338,Salaried,1,48,0,1
56,498407.0,52093.0,845,Business,1,60,0,0
59,933449.0,377666.0,659,Salaried,2,60,1,1
54,1085419.0,50000.0,688,Salaried,1,48,2,0
38,593348.0,50000.0,305,Self-Employed,1,24,1,0
64,374216.0,306739.0,624,Salaried,0,12,0,1
58,810089.0,357465.0,317,Salaried,1,24,0,0
59,200344.0,311171.0,778,Business,1,12,0,0
61,501228.0,106284.0,823,Self-Employed,0,36,2,0
64,206490.0,729959.0,653,Salaried,0,60,1,1
35,697691.0,582507.0,372,Business,1,36,0,1
57,888259.0,419647.0,756,Self-Employed,1,24,0,0
21,504099.0,329779.0,618,Salaried,2,12,1,0
64,969833.0,486377.0,785,Salaried,0,48,0,0
52,329393.0,73842.0,715,Business,4,60,1,0
62,1057375.0,242994.0,538,Salaried,2,60,2,0
42,815322.0,306650.0,681,Self-Employed,1,48,1,0
61,659140.0,148963.0,304,Self-Employed,0,36,1,1
31,668247.0,503378.0,571,Salaried,3,24,2,0
44,783126.0,450264.0,302,Business,3,24,1,0
46,504494.0,371063.0,834,Salaried,1,12,2,0
45,331031.0,603565.0,478,Salaried,0,60,1,1
45,826896.0,708736.0,416,Business,1,12,1,0
43,302812.0,891349.0,771,Salaried,1,24,0,1
42,846056.0,303222.0,647,Salaried,2,60,1,0
34,539146.0,640530.0,774,Self-Employed,0,36,1,1
26,907836.0,192013.0,693,Self-Employed,2,36,0,0
41,996922.0,407519.0,673,Salaried,0,36,1,0
64,895582.0,288478.0,888,Salaried,2,60,0,0
30,1557703.0,620263.0,347,Business,1,36,0,0
40,964359.0,368845.0,496,Salaried,3,48,0,0
31,871043.0,297930.0,397,Salaried,1,12,1,0
34,831545.0,701000.0,581,Salaried,1,36,2,1
24,476084.0,384278.0,830,Salaried,0,60,0,1
31,794354.0,386441.0,558,Self-Employed,4,24,2,0
28,751839.0,443343.0,303,Self-Employed,1,12,0,0
53,941446.0,840774.0,876,Salaried,0,12,1,0
30,411443.0,125621.0,741,Business,2,24,0,0
24,264181.0,534797.0,825,Salaried,2,12,0,0
32,265012.0,802947.0,629,Self-Employed,2,48,1,1
34,763905.0,198210.0,766,Business,2,36,0,1
53,438830.0,799028.0,365,Salaried,2,60,1,1
32,324945.0,255998.0,572,Self-Employed,0,12,0,1
55,462369.0,501462.0,790,Salaried,1,36,0,1
38,872513.0,287260.0,463,Self-Employed,0,36,0,0
50,911270.0,85941.0,402,Salaried,1,60,0,0
48,344815.0,50000.0,675,Salaried,1,60,1,1
32,944846.0,659897.0,585,Salaried,0,48,0,0
56,570477.0,96246.0,560,Business,0,12,0,0
63,813205.0,150008.0,886,Salaried,1,60,1,0
45,605467.0,278637.0,480,Salaried,0,24,1,0
55,621613.0,479670.0,704,Salaried,1,36,1,0
40,706281.0,50000.0,714,Self-Employed,0,36,0,0
47,729996.0,547356.0,576,Business,1,24,1,0
58,150000.0,272016.0,770,Self-Employed,0,48,1,1
35,248498.0,574883.0,654,Self-Employed,2,60,2,1
64,404085.0,689245.0,663,Self-Employed,2,12,1,1
44,659810.0,277729.0,366,Self-Employed,2,12,0,0
59,870556.0,209783.0,836,Business,2,48,2,0
58,711424.0,362722.0,622,Self-Employed,3,36,0,0
40,496224.0,464834.0,552,Salaried,4,36,0,1
28,497938.0,305004.0,380,Self-Employed,0,36,0,0
28,397022.0,50000.0,512,Salaried,1,24,0,0
27,477784.0,245927.0,475,Self-Employed,0,24,0,0
63,478407.0,371349.0,738,Self-Employed,0,12,0,0
48,1135896.0,301158.0,679,Business,0,60,2,1
46,684533.0,50000.0,885,Salaried,1,48,1,0
23,526250.0,585918.0,636,Salaried,2,36,0,1
52,572063.0,515543.0,422,Business,2,12,1,1
61,944935.0,84059.0,518,Salaried,0,48,0,0
40,419709.0,606454.0,615,Salaried,0,60,2,1
51,501717.0,462688.0,384,Salaried,0,24,0,1
38,442745.0,647054.0,705,Self-Employed,2,60,3,1
33,878088.0,202141.0,462,Salaried,0,60,3,0
32,879449.0,293978.0,883,Self-Employed,1,12,1,0
57,606475.0,383299.0,720,Salaried,0,12,2,0
33,583577.0,288343.0,382,Business,0,24,0,1
39,646167.0,664087.0,479,Salaried,0,12,0,1
49,894126.0,268340.0,720,Salaried,2,12,0,0
35,883468.0,552627.0,348,Salaried,0,60,0,0
22,891775.0,442789.0,523,Salaried,0,36,2,0
64,177953.0,681619.0,460,Salaried,1,36,1,1
37,670903.0,499190.0,587,Salaried,0,48,0,0
47,1010912.0,189617.0,515,Salaried,0,36,4,0
36,698051.0,682314.0,670,Salaried,3,24,0,1
63,992409.0,352608.0,566,Salaried,1,36,0,0
45,1009661.0,50000.0,725,Salaried,1,24,0,0
64,150000.0,254266.0,697,Salaried,0,60,0,1
39,317298.0,171602.0,842,Salaried,0,24,0,0
38,290334.0,549859.0,477,Salaried,0,24,0,1
24,611113.0,381542.0,409,Salaried,1,12,0,1
53,362396.0,347049.0,802,Salaried,2,12,2,1
23,1005505.0,599836.0,613,Salaried,0,60,1,0
55,150000.0,389032.0,874,Salaried,0,60,0,1
27,1115452.0,382668.0,746,Salaried,4,60,0,0
52,801949.0,576214.0,608,Salaried,1,36,0,0
21,150000.0,515264.0,596,Salaried,0,12,0,0
37,903175.0,614662.0,325,Salaried,2,24,2,0
34,752101.0,150653.0,342,Business,1,12,0,0
56,925618.0,281898.0,615,Salaried,0,24,1,1
59,956543.0,50000.0,562,Self-Employed,2,48,0,0
50,938188.0,158381.0,592,Self-Employed,1,12,0,0
42,790184.0,440580.0,566,Self-Employed,1,36,1,0
41,802854.0,324203.0,737,Salaried,0,60,0,0
45,601561.0,282907.0,488,Salaried,0,36,1,0
48,1057647.0,461723.0,845,Self-Employed,1,48,1,0
29,296480.0,228227.0,495,Salaried,0,60,1,0
40,576250.0,683959.0,404,Salaried,5,60,0,1
27,683443.0,286530.0,752,Self-Employed,2,24,0,0
36,212456.0,716320.0,662,Salaried,0,48,0,0
63,274850.0,130041.0,680,Salaried,2,12,0,0
47,505756.0,217443.0,730,Business,0,12,1,0
62,422822.0,434150.0,800,Self-Employed,0,12,0,1
36,995852.0,627708.0,706,Salaried,0,60,0,0
54,500395.0,328336.0,691,Business,2,12,0,0
43,1007919.0,490813.0,712,Business,1,12,0,0
62,768571.0,710470.0,707,Self-Employed,1,24,0,1
41,804616.0,80200.0,747,Salaried,0,24,2,0
24,1055402.0,208732.0,823,Business,2,60,1,0
42,150000.0,441876.0,359,Business,1,12,2,1
63,587184.0,468525.0,481,Salaried,1,48,1,0
32,576450.0,243310.0,547,Self-Employed,2,24,1,0
26,754195.0,226349.0,300,Salaried,2,36,0,0
31,405893.0,465724.0,806,Salaried,0,36,1,0
21,987656.0,464604.0,843,Business,1,48,1,0
50,630258.0,410297.0,866,Salaried,0,36,1,0
40,158600.0,456281.0,717,Self-Employed,2,24,0,1
21,623041.0,481839.0,883,Salaried,3,60,1,0
60,659372.0,50000.0,412,Salaried,2,24,2,0
31,696333.0,309198.0,378,Self-Employed,1,24,0,0
42,481548.0,50000.0,755,Salaried,0,24,0,0
30,829135.0,314689.0,886,Salaried,0,48,0,0
23,1186082.0,431275.0,437,Business,1,36,0,0
26,682720.0,120912.0,768,Salaried,0,24,0,0
32,754292.0,836784.0,490,Salaried,0,36,0,1
37,724970.0,213038.0,718,Self-Employed,2,60,0,0
35,873134.0,434209.0,400,Business,0,60,0,0
36,862412.0,629442.0,813,Self-Employed,0,12,2,0
31,544152.0,64109.0,368,Salaried,1,24,0,1
63,347542.0,320480.0,559,Salaried,4,60,0,1
64,741728.0,414827.0,828,Salaried,2,36,0,0
50,430862.0,413970.0,640,Salaried,0,48,1,1
36,574149.0,82525.0,671,Self-Employed,2,12,2,1
41,495096.0,362250.0,785,Salaried,2,12,1,0
44,292663.0,235682.0,490,Self-Employed,2,12,0,1
58,943950.0,830508.0,825,Salaried,1,36,0,1
27,1186466.0,453056.0,343,Business,0,60,0,0
33,927233.0,184612.0,445,Self-Employed,0,12,0,0
37,614980.0,668817.0,839,Self-Employed,1,24,0,1
58,858672.0,452717.0,572,Salaried,0,48,0,0
60,699532.0,342955.0,379,Self-Employed,1,36,0,0
60,150000.0,278974.0,809,Self-Employed,1,60,1,1
22,393809.0,366975.0,487,Salaried,3,12,0,1
41,375076.0,335560.0,780,Business,0,60,1,0
36,441698.0,326378.0,417,Salaried,2,36,0,0
45,683490.0,353995.0,692,Business,0,12,0,0
51,906992.0,275801.0,746,Self-Employed,0,48,1,0
21,1116368.0,262867.0,755,Self-Employed,1,48,1,0
40,414523.0,239266.0,367,Self-Employed,1,24,0,1
62,389134.0,341523.0,385,Salaried,0,24,1,1
53,466379.0,382520.0,749,Salaried,0,24,0,0
34,821265.0,554303.0,521,Salaried,0,24,0,0
53,824245.0,463498.0,327,Business,1,48,1,0
24,459311.0,110735.0,339,Salaried,0,36,1,0
56,486078.0,549128.0,884,Business,0,12,2,1
31,595194.0,593432.0,852,Self-Employed,1,36,0,1
38,711509.0,273334.0,782,Salaried,0,36,2,0
43,701315.0,52713.0,498,Salaried,1,24,0,1
48,820439.0,482019.0,685,Self-Employed,0,60,1,0
33,194699.0,465825.0,641,Salaried,2,12,0,0
61,903635.0,684883.0,463,Salaried,4,24,0,0
22,734427.0,50000.0,493,Salaried,2,60,1,0
45,150000.0,573103.0,331,Salaried,1,48,1,1
26,471680.0,451846.0,403,Salaried,1,24,1,1
56,625615.0,599658.0,602,Self-Employed,1,60,0,1
30,599924.0,521950.0,637,Salaried,0,36,0,1
62,638854.0,477253.0,604,Salaried,1,48,1,0
24,641632.0,411219.0,654,Self-Employed,0,48,3,0
54,617081.0,50000.0,822,Business,3,60,1,0
56,802759.0,508625.0,683,Self-Employed,0,24,1,0
32,479266.0,624039.0,416,Business,0,24,0,1
44,1026467.0,428961.0,814,Self-Employed,1,12,0,0
63,552239.0,479252.0,317,Self-Employed,1,12,0,1
25,740921.0,424829.0,497,Salaried,0,12,0,0
64,752828.0,438783.0,674,Salaried,0,24,1,0
24,497764.0,534687.0,524,Self-Employed,2,36,1,1
39,633296.0,474957.0,756,Salaried,2,36,1,0
24,403767.0,188131.0,381,Salaried,1,60,1,0
41,1194430.0,711830.0,304,Self-Employed,1,48,0,0
62,922570.0,240970.0,829,Salaried,1,60,1,0
44,759103.0,430359.0,699,Salaried,1,48,0,0
58,506010.0,460992.0,364,Salaried,1,24,0,1
38,918280.0,216901.0,557,Salaried,2,60,1,1
28,480693.0,334070.0,645,Salaried,1,48,2,0
37,737581.0,359266.0,810,Self-Employed,0,48,1,0
49,979832.0,444747.0,895,Self-Employed,1,48,0,0
51,532559.0,731408.0,485,Salaried,1,12,0,1
28,637511.0,553686.0,637,Business,0,36,0,1
63,539735.0,649651.0,810,Business,0,48,0,1
60,922304.0,79453.0,351,Business,1,36,1,0
38,163945.0,864398.0,361,Salaried,0,60,2,1
33,998063.0,383269.0,800,Salaried,2,12,1,0
36,537442.0,223785.0,564,Salaried,1,48,0,0
25,977334.0,336823.0,639,Salaried,2,24,0,0
63,583844.0,596769.0,807,Self-Employed,0,12,2,0
58,563660.0,471997.0,676,Business,1,24,1,1
31,657264.0,599928.0,625,Self-Employed,2,48,1,1
22,878118.0,531732.0,765,Business,0,60,0,0
61,820085.0,204760.0,375,Salaried,1,48,0,0
24,159434.0,480517.0,654,Salaried,0,60,2,1
33,861764.0,631571.0,668,Salaried,1,12,0,0
43,243275.0,585923.0,515,Salaried,1,60,1,1
36,436610.0,451386.0,780,Salaried,0,24,0,0
61,369236.0,756187.0,745,Salaried,2,60,2,1
41,320351.0,557723.0,578,Self-Employed,2,24,1,1
35,706441.0,685642.0,755,Business,0,36,0,0
41,887878.0,327746.0,561,Self-Employed,2,36,2,0
61,331140.0,141745.0,591,Self-Employed,1,48,0,0
57,711516.0,315006.0,311,Salaried,0,12,0,0
27,700560.0,271441.0,303,Salaried,1,36,0,0
38,597640.0,533727.0,347,Salaried,0,60,0,0
47,760088.0,168177.0,806,Self-Employed,2,60,0,1
31,624267.0,555982.0,717,Business,1,36,0,0
24,622901.0,235625.0,412,Salaried,1,12,0,0
32,415372.0,274617.0,396,Business,0,48,2,0
37,482182.0,541009.0,388,Self-Employed,1,48,0,1
40,951952.0,237425.0,423,Business,1,48,1,0
53,977407.0,644741.0,409,Salaried,2,12,0,0
56,1153565.0,188436.0,850,Self-Employed,1,24,1,0
38,841547.0,436392.0,804,Salaried,0,48,1,0
26,573473.0,50000.0,686,Salaried,1,48,2,0
64,751334.0,296937.0,709,Salaried,1,12,1,0
59,605170.0,346239.0,608,Salaried,0,48,1,0
24,616151.0,695657.0,546,Salaried,0,12,0,1
48,1023522.0,519742.0,656,Self-Employed,0,60,0,0
35,619071.0,469816.0,480,Salaried,2,48,0,0
25,757199.0,671934.0,504,Salaried,1,24,0,1
55,818216.0,321192.0,446,Self-Employed,0,36,2,0
64,870340.0,480323.0,760,Business,2,12,0,0
31,760293.0,180509.0,460,Self-Employed,0,36,1,0
41,352495.0,587843.0,376,Salaried,2,24,0,1
34,769050.0,94290.0,401,Salaried,0,60,1,0
32,485851.0,456444.0,436,Salaried,0,48,2,1
42,465507.0,482795.0,434,Salaried,0,24,0,1
22,761648.0,298456.0,436,Self-Employed,1,24,1,0
34,968237.0,393946.0,778,Salaried,1,24,2,0
40,684311.0,454537.0,584,Salaried,0,12,2,0
63,265776.0,503438.0,580,Salaried,3,60,0,1
35,497128.0,241308.0,528,Salaried,0,36,1,0
53,792206.0,306451.0,547,Salaried,0,48,0,0
47,751219.0,250753.0,741,Business,0,48,0,1
46,279663.0,483022.0,874,Salaried,0,24,0,0
43,653876.0,344068.0,739,Self-Employed,0,36,0,0
30,556746.0,615021.0,530,Self-Employed,2,12,1,1
53,889989.0,239144.0,813,Self-Employed,2,48,0,0
33,856600.0,449604.0,705,Salaried,0,60,1,1
53,673311.0,343519.0,646,Business,1,12,1,0
31,509325.0,209883.0,696,Self-Employed,0,36,2,0
24,511244.0,233073.0,409,Business,1,12,1,0
50,442567.0,50000.0,880,Self-Employed,2,24,3,0
34,525854.0,349852.0,887,Salaried,1,24,0,0
62,833984.0,205787.0,385,Self-Employed,1,60,0,0
46,1005876.0,254929.0,519,Self-Employed,2,36,0,0
44,877889.0,496035.0,547,Business,1,60,0,1
56,1023352.0,455951.0,854,Salaried,2,36,1,0
60,543817.0,499645.0,833,Self-Employed,0,36,0,1
61,595565.0,504341.0,839,Self-Employed,0,48,1,1
23,704685.0,546653.0,307,Self-Employed,1,12,1,0
48,1045826.0,303055.0,804,Salaried,3,60,0,0
51,1011679.0,364159.0,591,Salaried,1,48,2,0
48,473232.0,50000.0,835,Business,1,36,0,0
37,988881.0,144808.0,603,Business,0,12,0,0
57,1148298.0,326279.0,454,Self-Employed,2,60,3,1
52,794156.0,367173.0,834,Self-Employed,3,60,2,1
58,747834.0,268206.0,653,Business,0,60,1,1
58,558155.0,457956.0,665,Salaried,0,60,0,1
60,550423.0,300283.0,362,Salaried,1,36,0,0
34,506310.0,424762.0,713,Salaried,0,36,1,0
64,627536.0,260219.0,753,Salaried,0,12,0,0
32,708942.0,418584.0,716,Self-Employed,2,12,0,0
28,1004346.0,549522.0,817,Salaried,0,12,1,0
37,170428.0,554993.0,561,Salaried,1,36,0,1
27,821645.0,216589.0,478,Business,1,48,0,1
50,710470.0,202970.0,389,Self-Employed,0,24,2,1
33,472255.0,50000.0,536,Salaried,2,60,0,0
29,749110.0,456271.0,506,Self-Employed,0,12,1,0
27,702385.0,376415.0,704,Self-Employed,2,60,1,0
28,712940.0,444325.0,420,Business,1,36,1,0
57,739200.0,404942.0,546,Self-Employed,0,36,0,0
34,289966.0,262608.0,424,Salaried,3,60,0,1
26,690005.0,378196.0,742,Self-Employed,2,48,1,0
51,854696.0,50000.0,554,Self-Employed,1,12,0,0
22,504330.0,432719.0,766,Self-Employed,1,36,1,1
23,281273.0,283188.0,308,Salaried,0,12,2,0
51,819127.0,349452.0,635,Salaried,1,24,1,0
53,575325.0,451912.0,428,Self-Employed,0,24,1,0
59,150000.0,404109.0,427,Salaried,0,24,1,0
26,1058542.0,197603.0,796,Salaried,0,36,0,0
43,578061.0,309217.0,619,Salaried,1,24,0,1
42,562663.0,342679.0,635,Self-Employed,1,12,1,0
35,968849.0,216219.0,866,Salaried,1,12,1,0
50,315955.0,179734.0,595,Salaried,0,60,2,0
31,725271.0,226283.0,371,Salaried,0,36,1,0
48,370075.0,523284.0,681,Salaried,1,24,0,0
44,580841.0,365010.0,864,Self-Employed,2,24,0,0
25,761383.0,50000.0,775,Salaried,2,24,1,0
23,567605.0,782437.0,546,Business,2,24,0,1
55,892464.0,407524.0,456,Salaried,0,24,1,0
29,814058.0,353240.0,540,Business,0,36,1,0
51,436995.0,420144.0,337,Self-Employed,0,24,1,1
62,535183.0,654216.0,521,Salaried,2,60,0,1
45,871865.0,578745.0,588,Salaried,1,24,0,1
37,557552.0,625073.0,884,Business,1,12,1,1
39,263143.0,353116.0,680,Self-Employed,0,24,0,0
60,1037205.0,580764.0,300,Self-Employed,1,12,0,0
23,305909.0,239771.0,379,Salaried,1,60,1,0
32,627222.0,431737.0,485,Self-Employed,2,60,2,1
24,879272.0,892613.0,443,Salaried,1,60,2,1
29,702784.0,516453.0,741,Salaried,1,36,0,0
47,150000.0,342523.0,474,Business,4,60,0,1
21,749194.0,587429.0,893,Business,0,12,0,0
44,531963.0,50000.0,619,Self-Employed,1,24,0,0
62,672595.0,696885.0,619,Salaried,1,12,1,1
33,725805.0,920947.0,880,Salaried,1,60,1,0
31,299381.0,322036.0,740,Salaried,0,60,1,0
59,1175681.0,76144.0,585,Salaried,1,60,0,1
54,785694.0,263015.0,483,Salaried,1,48,0,0
60,567945.0,440423.0,760,Self-Employed,2,12,1,0
31,150000.0,75878.0,509,Business,3,48,0,0
36,432715.0,173196.0,720,Self-Employed,1,36,0,0
47,1057081.0,242816.0,518,Salaried,0,48,0,0
22,653708.0,709701.0,646,Business,1,48,0,1
36,443785.0,222220.0,396,Business,2,60,1,1
37,497106.0,382276.0,662,Salaried,3,60,1,0
51,1206307.0,521743.0,318,Salaried,4,48,0,0
34,532964.0,527747.0,523,Salaried,3,12,1,1
55,555137.0,474212.0,730,Business,0,12,0,0
55,671559.0,62601.0,352,Salaried,1,12,1,0
54,568094.0,392573.0,486,Salaried,0,60,1,1
60,625916.0,412052.0,889,Salaried,2,24,1,0
63,165994.0,394197.0,312,Self-Employed,0,24,1,1
51,899766.0,326335.0,858,Salaried,0,24,0,0
48,443190.0,128987.0,431,Self-Employed,1,36,1,0
55,1191790.0,669055.0,346,Salaried,2,60,2,0
29,767627.0,486091.0,727,Salaried,0,24,1,0
26,1051229.0,462495.0,451,Salaried,0,48,1,1
37,962768.0,565603.0,872,Business,1,60,0,0
23,362215.0,370223.0,840,Salaried,1,12,1,0
31,852457.0,503719.0,706,Salaried,1,24,0,0
57,573150.0,631746.0,632,Self-Employed,2,48,2,1
37,808824.0,555137.0,349,Salaried,5,24,0,0
53,738736.0,337685.0,522,Self-Employed,2,24,0,0
39,555909.0,492970.0,539,Self-Employed,0,60,1,1
22,1031701.0,455011.0,529,Salaried,1,24,0,0
56,565079.0,500288.0,478,Salaried,0,48,0,1
36,554093.0,421523.0,851,Salaried,0,12,1,0
39,324546.0,427752.0,632,Self-Employed,0,12,0,1
34,590971.0,262335.0,896,Salaried,0,60,1,0
37,787241.0,310403.0,422,Self-Employed,1,24,1,0
52,638116.0,209090.0,301,Business,0,48,0,1
47,814455.0,319020.0,665,Salaried,0,36,1,0
61,490718.0,293757.0,396,Self-Employed,0,36,0,1
61,436398.0,524600.0,833,Self-Employed,2,36,1,0
36,475472.0,359375.0,761,Business,0,60,2,0
31,765733.0,612868.0,308,Salaried,0,12,1,1
30,980352.0,451140.0,743,Business,0,24,0,0
50,989795.0,452010.0,485,Salaried,0,48,0,1
62,1137788.0,692145.0,838,Salaried,2,12,1,0
38,150000.0,405022.0,639,Salaried,1,24,1,1
31,1074442.0,745548.0,368,Salaried,0,36,0,0
45,525971.0,677920.0,629,Salaried,0,24,0,1
21,871032.0,319543.0,490,Salaried,0,60,2,1
48,490119.0,659392.0,707,Salaried,0,12,1,1
59,1051106.0,594966.0,533,Salaried,4,24,1,0
30,656427.0,185396.0,489,Salaried,2,48,2,0
39,779633.0,293582.0,899,Salaried,0,60,2,0
56,585287.0,840675.0,373,Self-Employed,0,24,0,1
24,610313.0,503377.0,441,Salaried,3,12,3,1
45,150349.0,228387.0,605,Salaried,0,24,1,1
40,654979.0,506464.0,540,Self-Employed,0,12,2,1
25,744942.0,325596.0,869,Self-Employed,0,36,0,0
27,328094.0,661129.0,646,Salaried,1,60,0,0
29,458939.0,594714.0,792,Salaried,0,60,2,1
56,932780.0,139762.0,621,Salaried,4,24,0,0
38,946743.0,331954.0,637,Self-Employed,1,12,0,0
45,292514.0,75479.0,636,Business,2,24,1,1
57,554340.0,171430.0,843,Self-Employed,0,60,0,0
48,1010634.0,129504.0,684,Business,1,60,1,0
34,792950.0,163021.0,866,Business,0,60,0,0
42,760787.0,724209.0,539,Salaried,1,48,1,1
60,922698.0,220730.0,529,Self-Employed,1,48,1,0
41,745607.0,678893.0,537,Salaried,2,48,0,1
56,791722.0,546848.0,525,Salaried,1,36,0,0
62,351983.0,770369.0,591,Salaried,0,12,2,1
63,684473.0,554516.0,386,Salaried,0,24,1,1
23,802444.0,316705.0,518,Salaried,0,12,0,0
28,571849.0,542569.0,783,Self-Employed,1,24,0,1
50,910717.0,463703.0,818,Salaried,1,60,0,0
46,808408.0,659955.0,665,Salaried,1,24,1,1
63,1041688.0,634300.0,764,Salaried,2,12,0,0
47,694347.0,312579.0,578,Self-Employed,1,48,0,0
53,324553.0,543861.0,312,Self-Employed,0,12,1,1
60,744801.0,250815.0,440,Salaried,0,12,0,0
34,564148.0,384191.0,872,Salaried,1,60,1,0
48,415657.0,564819.0,813,Self-Employed,0,24,2,1
43,463257.0,595822.0,645,Salaried,1,24,1,1
37,636730.0,256163.0,813,Salaried,2,60,1,0
24,936253.0,184075.0,322,Salaried,2,48,0,1
52,856468.0,842751.0,840,Salaried,0,36,1,1
57,316153.0,470055.0,484,Salaried,0,48,3,1
55,616549.0,304657.0,856,Salaried,2,48,1,0
53,817706.0,328635.0,411,Business,1,60,0,0
52,731176.0,693662.0,391,Salaried,1,60,0,1
55,905283.0,606174.0,560,Salaried,0,48,0,0
27,919756.0,428681.0,870,Salaried,0,48,0,0
54,627711.0,142128.0,775,Salaried,1,12,2,0
25,399920.0,476338.0,879,Salaried,1,36,0,1
38,733653.0,94155.0,493,Self-Employed,1,12,0,1
58,695590.0,50000.0,712,Salaried,0,60,0,0
42,625042.0,240277.0,553,Self-Employed,1,12,1,0
38,878000.0,594132.0,659,Self-Employed,2,36,0,1
35,648801.0,175682.0,608,Business,1,48,3,1
24,981368.0,552940.0,748,Salaried,2,48,1,1
33,1093357.0,105694.0,712,Self-Employed,1,12,0,0
62,846960.0,502009.0,409,Business,0,48,1,0
53,942631.0,490874.0,637,Salaried,1,36,0,0
27,624339.0,297110.0,712,Salaried,3,60,0,0
24,653465.0,373647.0,778,Salaried,4,48,1,0
48,583924.0,415772.0,524,Self-Employed,2,24,1,0
35,150000.0,50000.0,866,Self-Employed,1,12,0,0
52,158407.0,379887.0,302,Salaried,0,24,3,1
26,297861.0,283490.0,771,Salaried,2,12,2,1
54,455596.0,527140.0,609,Self-Employed,1,12,0,1
36,699953.0,836380.0,326,Business,4,24,1,1
64,817495.0,468020.0,885,Salaried,2,24,1,0
46,657434.0,463763.0,345,Business,0,12,1,0
39,483067.0,244184.0,423,Self-Employed,1,24,0,0
24,830568.0,429553.0,874,Salaried,3,12,0,0
30,761915.0,208527.0,411,Salaried,0,48,0,0
39,622008.0,713310.0,456,Salaried,0,48,0,1
44,312621.0,730473.0,406,Salaried,1,24,1,1
60,532255.0,714361.0,534,Salaried,1,12,0,1
21,1071694.0,527738.0,868,Salaried,1,24,0,0
52,705847.0,295413.0,528,Business,0,12,0,0
30,1001557.0,96818.0,512,Salaried,2,36,1,0
28,537167.0,383603.0,812,Salaried,2,60,1,0
25,504205.0,330408.0,752,Self-Employed,2,12,2,1
34,886914.0,323644.0,655,Salaried,1,48,1,0
49,702007.0,416766.0,863,Self-Employed,1,24,0,0
50,687756.0,303311.0,322,Self-Employed,0,48,2,1
61,605787.0,711125.0,489,Business,1,60,0,1
59,699761.0,50000.0,584,Self-Employed,1,24,2,0
59,234109.0,50000.0,861,Salaried,0,60,1,0
33,1064233.0,556582.0,521,Salaried,0,36,1,0
29,748306.0,509215.0,572,Salaried,0,24,1,0
43,737069.0,146780.0,874,Salaried,1,24,0,0
27,818190.0,797226.0,379,Business,1,36,0,1
48,316708.0,688897.0,673,Business,1,36,0,1
33,694719.0,596354.0,738,Business,0,48,1,1
24,813674.0,647758.0,333,Salaried,0,12,0,0
43,691035.0,558488.0,383,Salaried,2,36,0,1
37,537427.0,562549.0,881,Self-Employed,0,36,1,1
35,655012.0,182862.0,521,Self-Employed,2,24,1,0
50,740221.0,674654.0,755,Salaried,2,60,0,1
38,511534.0,289319.0,634,Salaried,1,24,0,0
53,840990.0,157121.0,410,Salaried,0,36,1,1
51,1086804.0,230475.0,753,Self-Employed,2,60,0,0
21,899354.0,760765.0,736,Business,0,12,1,1
64,717172.0,239676.0,441,Self-Employed,2,36,0,0
44,767892.0,173108.0,349,Salaried,0,48,0,0
37,767383.0,677468.0,515,Self-Employed,1,36,0,1
56,314175.0,157237.0,797,Self-Employed,2,24,0,0
26,956647.0,369021.0,724,Self-Employed,3,36,0,0
28,886668.0,241091.0,700,Salaried,3,60,0,0
46,150000.0,397024.0,657,Salaried,0,36,1,1
50,647280.0,313461.0,444,Business,0,48,1,0
32,851160.0,426728.0,694,Salaried,0,48,0,0
59,847847.0,415641.0,787,Self-Employed,1,60,1,0
41,729270.0,176041.0,550,Self-Employed,4,60,2,0
35,669601.0,563018.0,798,Salaried,2,48,0,1
63,477429.0,107289.0,643,Salaried,2,48,0,0
48,473117.0,615591.0,387,Business,3,24,2,1
37,280895.0,151075.0,768,Salaried,1,24,2,0
45,946397.0,329525.0,503,Salaried,2,48,1,0
44,662327.0,237701.0,877,Self-Employed,3,24,0,0
31,728336.0,347867.0,863,Salaried,1,12,1,0
44,150000.0,244300.0,694,Salaried,2,48,0,1
23,333067.0,572330.0,781,Salaried,0,60,0,1
45,512283.0,262053.0,680,Salaried,0,60,1,1
41,150000.0,54659.0,446,Business,2,36,0,1
30,537450.0,602010.0,666,Self-Employed,0,36,0,1
55,294320.0,488075.0,580,Salaried,2,48,1,1
30,1008444.0,422055.0,516,Self-Employed,2,36,0,0
61,653376.0,401771.0,549,Self-Employed,1,12,0,0
33,838617.0,314034.0,370,Self-Employed,1,36,0,1
45,662752.0,824100.0,735,Self-Employed,2,60,0,1
21,452706.0,377120.0,800,Business,1,36,0,1
62,795582.0,487058.0,869,Salaried,0,36,0,0
23,437530.0,286043.0,446,Salaried,1,60,1,0
31,758097.0,528603.0,777,Salaried,2,48,0,1
26,695570.0,232893.0,374,Self-Employed,2,36,0,0
38,496929.0,793889.0,533,Self-Employed,1,24,0,0
35,171055.0,758293.0,678,Business,1,24,0,1
23,806900.0,592802.0,383,Business,1,36,2,0
50,483948.0,645213.0,309,Salaried,0,60,0,1
25,1010754.0,536557.0,872,Business,2,60,0,0
45,758339.0,658254.0,323,Salaried,0,60,1,1
36,914673.0,420927.0,826,Business,2,24,1,0
36,150000.0,476486.0,411,Business,0,12,0,1
64,274314.0,414813.0,617,Business,1,24,0,1
52,379342.0,624143.0,779,Salaried,2,24,0,0
25,931003.0,108696.0,403,Business,1,48,0,0
55,335843.0,221874.0,305,Salaried,0,24,0,1
45,758712.0,415649.0,769,Salaried,0,60,0,0
44,458171.0,441387.0,788,Self-Employed,1,12,1,1
58,435339.0,312412.0,858,Salaried,1,24,1,0
62,948659.0,350464.0,869,Salaried,0,36,0,0
21,507360.0,396536.0,828,Business,2,36,1,0
34,652351.0,225558.0,800,Salaried,0,12,0,0
56,890878.0,521566.0,572,Salaried,1,24,2,1
51,253435.0,61950.0,862,Salaried,3,48,1,0
56,826340.0,630755.0,413,Business,0,48,0,0
28,718070.0,335123.0,610,Salaried,1,60,0,0
58,923727.0,254827.0,304,Salaried,2,60,0,0
27,747960.0,437054.0,629,Self-Employed,1,12,1,0
55,1157725.0,522455.0,786,Salaried,1,12,0,0
32,463831.0,461200.0,598,Salaried,1,48,0,1
51,665965.0,409003.0,774,Self-Employed,1,48,4,0
55,404817.0,422394.0,550,Salaried,1,12,0,0
57,150000.0,420037.0,631,Business,3,12,0,1
32,548431.0,401396.0,678,Salaried,0,36,0,0
49,403052.0,426477.0,870,Salaried,0,60,0,0
58,555954.0,405656.0,554,Business,2,48,0,0
63,649621.0,59837.0,504,Self-Employed,1,60,0,0
30,550779.0,384908.0,662,Self-Employed,1,24,1,0
28,846194.0,590181.0,388,Salaried,1,12,0,0
24,674496.0,226265.0,881,Business,2,48,0,0
51,828719.0,366396.0,792,Salaried,1,60,0,0
49,918661.0,535337.0,659,Self-Employed,1,36,0,0
21,947753.0,434832.0,503,Salaried,0,12,1,0
51,780784.0,249692.0,676,Business,0,12,0,0
47,472108.0,50000.0,348,Self-Employed,1,48,0,0
56,929559.0,250162.0,604,Business,0,24,1,0
55,826428.0,433775.0,844,Business,0,36,0,0
45,583697.0,620184.0,504,Salaried,0,36,2,1
46,632387.0,374710.0,495,Salaried,3,48,0,1
39,489686.0,592923.0,845,Self-Employed,0,36,1,1
56,501122.0,602190.0,808,Salaried,2,12,1,0
52,523072.0,606931.0,880,Self-Employed,0,36,0,1
60,734831.0,189433.0,799,Business,1,48,1,0
31,899632.0,654943.0,805,Self-Employed,1,24,1,0
42,247425.0,67246.0,359,Salaried,1,36,1,1
25,459910.0,288115.0,352,Self-Employed,1,48,1,0
52,725218.0,521756.0,551,Self-Employed,2,48,1,1
40,392808.0,294353.0,303,Salaried,0,24,2,0
63,758366.0,665317.0,603,Salaried,0,24,1,1
26,741463.0,403654.0,608,Business,0,36,0,0
58,422197.0,271512.0,872,Business,1,24,2,0
56,604287.0,529206.0,536,Business,1,12,0,0
51,356377.0,341789.0,722,Salaried,2,60,2,1
41,959091.0,510848.0,765,Salaried,2,12,0,0
56,150000.0,712055.0,672,Self-Employed,1,24,1,1
36,999940.0,331871.0,336,Salaried,0,12,0,0
53,1022448.0,106269.0,844,Salaried,3,36,0,0
27,604698.0,608826.0,321,Salaried,0,36,1,1
54,1012711.0,648648.0,410,Salaried,1,60,1,1
35,271515.0,916396.0,806,Self-Employed,0,48,0,1
50,471058.0,705278.0,778,Salaried,0,60,1,1
54,1154095.0,85763.0,349,Salaried,0,12,1,0
24,521520.0,286623.0,301,Salaried,0,48,0,0
63,670603.0,351046.0,371,Salaried,1,12,0,0
46,551537.0,442705.0,801,Salaried,1,24,1,0
54,401612.0,552891.0,661,Self-Employed,2,48,0,1
31,589279.0,424991.0,671,Salaried,0,36,0,0
25,771402.0,711560.0,553,Business,0,24,1,1
56,461385.0,560355.0,752,Salaried,2,60,0,1
31,690278.0,431527.0,824,Salaried,0,36,1,0
58,683317.0,413105.0,347,Salaried,1,12,1,0
28,506756.0,115238.0,666,Self-Employed,0,48,0,0
63,410846.0,359338.0,378,Self-Employed,0,24,0,1
40,1113152.0,337794.0,757,Business,2,36,1,0
22,845513.0,664886.0,356,Business,1,48,3,1
24,982116.0,87815.0,545,Salaried,2,60,1,0
25,848357.0,563489.0,527,Self-Employed,2,24,1,1
53,150000.0,289484.0,738,Self-Employed,0,12,1,1
42,801747.0,375498.0,852,Salaried,0,60,1,0
44,1038174.0,366423.0,786,Business,1,24,0,0
27,238453.0,508423.0,416,Salaried,1,36,0,1
21,934229.0,339719.0,882,Salaried,2,24,0,0
41,233023.0,113715.0,779,Salaried,0,48,0,0
56,471724.0,583688.0,581,Self-Employed,0,60,0,1
47,596249.0,351353.0,852,Salaried,2,24,0,0
38,421030.0,690079.0,586,Salaried,0,36,1,0
25,345221.0,334209.0,788,Salaried,1,24,0,0
50,479232.0,215289.0,667,Salaried,2,24,2,0
59,231037.0,534466.0,796,Business,0,12,0,0
63,507424.0,387291.0,718,Salaried,2,48,2,0
24,723925.0,345228.0,353,Self-Employed,0,36,0,0
27,349530.0,262411.0,449,Salaried,0,12,2,1
23,651801.0,401540.0,349,Self-Employed,0,36,0,0
56,652739.0,125086.0,701,Business,1,36,3,0
28,390579.0,404439.0,339,Self-Employed,2,36,0,1
34,922068.0,120481.0,333,Salaried,1,12,0,0
60,370903.0,81554.0,575,Salaried,0,12,1,0
60,614657.0,438031.0,594,Salaried,1,36,0,0
48,347931.0,50000.0,722,Salaried,1,48,0,0
42,744160.0,50000.0,733,Salaried,0,60,0,0
55,313752.0,501092.0,878,Salaried,2,36,2,0
55,718756.0,485304.0,559,Self-Employed,2,36,3,0
44,872201.0,101010.0,845,Salaried,2,24,0,0
46,526879.0,397303.0,526,Business,3,24,0,0
23,611291.0,664914.0,820,Salaried,1,60,0,0
34,581703.0,848366.0,505,Self-Employed,1,60,0,1
33,440744.0,234934.0,409,Salaried,0,48,2,0
26,459399.0,236143.0,789,Self-Employed,0,36,0,0
23,918460.0,330020.0,577,Salaried,1,60,0,0
48,570197.0,569728.0,661,Self-Employed,0,48,1,1
48,795811.0,104902.0,638,Salaried,1,48,2,0
40,712970.0,690607.0,508,Self-Employed,1,24,0,1
33,1072777.0,260802.0,471,Self-Employed,1,24,1,0
46,631299.0,405821.0,666,Business,0,48,0,0
52,322514.0,189641.0,677,Salaried,0,24,1,0
21,887771.0,252439.0,339,Salaried,0,12,2,1
61,620641.0,791442.0,463,Business,1,36,0,1
61,150000.0,504439.0,447,Salaried,0,24,1,1
41,420705.0,390391.0,875,Salaried,0,12,0,0
41,429016.0,517924.0,590,Self-Employed,0,24,0,1
48,567713.0,755527.0,686,Business,1,48,0,1
38,695490.0,247573.0,452,Salaried,2,48,1,0
54,298522.0,565366.0,694,Self-Employed,3,36,0,1
29,309517.0,549382.0,429,Salaried,1,24,1,1
50,943691.0,384489.0,513,Business,1,48,0,0
37,1021453.0,411608.0,868,Salaried,0,24,1,0
36,333610.0,364851.0,799,Salaried,1,36,0,0
50,706015.0,480858.0,496,Business,1,36,1,1
39,856416.0,238822.0,397,Salaried,0,48,0,0
29,418569.0,403891.0,536,Business,2,36,0,1
63,797314.0,775970.0,886,Salaried,0,12,0,0
23,723780.0,450926.0,836,Salaried,0,48,0,0
21,1025355.0,672043.0,839,Salaried,1,12,1,0
45,533438.0,427925.0,820,Business,2,24,2,1
25,324060.0,159610.0,341,Business,0,60,4,1
46,891764.0,628122.0,539,Salaried,0,24,0,1
29,900293.0,348886.0,831,Salaried,0,48,0,0
46,527884.0,586981.0,609,Business,0,36,1,1
35,895372.0,722736.0,692,Self-Employed,0,24,2,1
46,826057.0,533276.0,325,Business,1,60,0,0
64,656018.0,624831.0,462,Self-Employed,1,36,0,1
59,856222.0,749886.0,447,Salaried,0,48,0,1
49,848087.0,456538.0,620,Salaried,0,36,1,0
63,236326.0,399545.0,537,Self-Employed,2,24,1,1
49,442160.0,372379.0,445,Salaried,1,36,0,1
39,710906.0,477890.0,458,Self-Employed,1,48,0,1
54,710381.0,233865.0,394,Salaried,0,24,1,1
30,599276.0,50000.0,839,Business,0,36,1,0
29,700002.0,50000.0,560,Self-Employed,0,60,0,0
29,1185176.0,566096.0,485,Self-Employed,1,12,0,0
51,1107069.0,458411.0,393,Salaried,2,24,1,0
43,780231.0,163607.0,430,Salaried,0,48,0,0
48,769815.0,372464.0,371,Salaried,0,24,0,0
33,616614.0,585242.0,339,Salaried,0,60,0,1
25,572037.0,491946.0,327,Salaried,2,48,0,0
52,541375.0,618410.0,759,Salaried,0,60,0,0
51,310362.0,247686.0,803,Self-Employed,1,48,1,0
54,707830.0,773300.0,397,Salaried,1,24,0,1
23,852114.0,415968.0,416,Salaried,0,48,0,0
58,456640.0,532253.0,635,Business,1,36,1,1
23,628413.0,232120.0,555,Business,2,48,1,0
49,864367.0,734508.0,423,Self-Employed,2,48,1,1
59,460428.0,385606.0,340,Salaried,1,48,2,1
51,637796.0,325363.0,773,Business,0,36,1,0
52,743398.0,326641.0,828,Self-Employed,0,24,1,0
63,1012241.0,468912.0,605,Salaried,3,60,0,0
59,542838.0,282121.0,542,Salaried,0,36,2,1
35,673580.0,411703.0,881,Salaried,1,12,1,0
44,879699.0,539544.0,449,Business,1,60,3,0
63,620743.0,133392.0,446,Salaried,1,48,0,0
34,735356.0,433818.0,889,Salaried,1,24,0,0
35,887893.0,312564.0,578,Salaried,0,24,2,0
31,390170.0,155905.0,369,Salaried,0,48,1,0
29,150000.0,563360.0,861,Business,0,24,2,1
24,331472.0,482622.0,483,Salaried,1,48,0,0
63,686015.0,212416.0,335,Business,1,24,0,0
29,913030.0,428982.0,648,Self-Employed,2,12,1,0
51,992059.0,623827.0,669,Self-Employed,0,48,1,0
46,1152637.0,273577.0,734,Salaried,3,12,1,0
42,834973.0,641748.0,690,Business,1,60,0,0
32,623678.0,787718.0,702,Salaried,1,24,0,0
47,757984.0,408342.0,480,Salaried,2,48,0,1
31,1163120.0,238399.0,515,Business,3,48,1,1
59,311693.0,432681.0,589,Salaried,0,24,2,1
39,644350.0,133793.0,398,Salaried,1,36,1,0
23,705028.0,761174.0,706,Business,0,24,0,1
38,878864.0,402982.0,881,Business,0,24,0,0
24,434387.0,322310.0,307,Self-Employed,2,48,0,1
62,623168.0,706406.0,872,Salaried,0,36,0,0
24,547755.0,215098.0,840,Business,0,24,1,0
50,772511.0,63426.0,857,Salaried,1,12,0,0
52,571164.0,467099.0,844,Self-Employed,2,24,0,1
25,683634.0,260187.0,436,Business,0,36,0,0
25,835156.0,369183.0,702,Self-Employed,2,36,0,0
30,974671.0,56337.0,310,Salaried,3,12,0,0
43,1143939.0,703235.0,329,Self-Employed,0,12,1,1
38,675972.0,627164.0,403,Salaried,0,60,1,1
64,631027.0,405265.0,682,Self-Employed,1,36,0,0
62,950420.0,736885.0,350,Salaried,2,60,0,1
35,990234.0,50000.0,606,Salaried,2,48,1,0
36,661427.0,50000.0,710,Self-Employed,2,12,0,0
60,452573.0,293211.0,608,Salaried,2,24,0,0
47,1050529.0,233045.0,854,Salaried,0,36,1,0
33,902991.0,331928.0,621,Self-Employed,0,48,0,0
33,150000.0,508004.0,442,Salaried,2,60,0,1
54,393641.0,761394.0,662,Salaried,1,36,0,0
25,972681.0,389633.0,526,Self-Employed,3,48,0,1
35,823216.0,357648.0,789,Salaried,1,48,1,0
35,879681.0,413266.0,442,Salaried,0,36,1,0
29,349363.0,613992.0,423,Self-Employed,1,24,2,1
35,361903.0,719232.0,325,Salaried,0,12,1,1
43,622031.0,505758.0,809,Self-Employed,1,24,0,1
64,676602.0,604325.0,838,Salaried,2,12,1,1
29,1281100.0,195090.0,392,Salaried,1,48,0,0
53,725589.0,446956.0,774,Salaried,2,36,1,0
31,799096.0,291215.0,851,Self-Employed,0,36,0,0
49,502408.0,319763.0,596,Salaried,1,36,0,1
64,839106.0,526382.0,683,Salaried,1,24,1,0
50,730171.0,482749.0,361,Salaried,2,48,0,1
44,482544.0,654786.0,845,Salaried,0,60,0,0
35,681685.0,575625.0,590,Salaried,0,36,1,0
63,711589.0,396953.0,697,Business,1,60,1,0
35,682066.0,190227.0,663,Salaried,0,12,1,0
55,1011630.0,427278.0,890,Salaried,2,36,0,0
51,686999.0,459185.0,454,Salaried,0,12,0,0
22,746562.0,312544.0,628,Salaried,0,24,0,0
44,788659.0,759840.0,529,Self-Employed,0,60,0,1
34,573966.0,433526.0,746,Salaried,0,36,0,0
37,395595.0,543440.0,856,Business,0,36,0,0
36,159015.0,643629.0,681,Salaried,1,12,3,1
33,623336.0,529699.0,652,Salaried,2,24,0,1
33,901060.0,521763.0,424,Salaried,1,48,3,1
24,903333.0,421880.0,780,Business,0,24,0,0
33,352455.0,677399.0,473,Salaried,1,36,1,1
64,1077433.0,367564.0,763,Salaried,1,12,0,0
39,604985.0,320543.0,432,Salaried,0,48,0,0
45,565350.0,431095.0,709,Salaried,0,12,1,0
27,837470.0,230804.0,899,Business,0,24,0,0
29,548381.0,161589.0,898,Salaried,1,48,0,0
24,800783.0,669338.0,392,Salaried,0,60,2,1
29,374619.0,211727.0,327,Business,0,12,0,0
21,1135943.0,610637.0,345,Salaried,2,60,0,0
61,997705.0,648371.0,600,Salaried,0,12,0,0
56,616175.0,146415.0,423,Self-Employed,0,60,0,0
42,947597.0,766780.0,485,Self-Employed,1,12,0,1
37,605178.0,518862.0,760,Salaried,2,36,0,1
54,818182.0,272225.0,663,Salaried,1,60,1,0
50,180447.0,286830.0,519,Salaried,1,24,1,0
57,644462.0,654525.0,364,Salaried,0,36,1,1
29,433098.0,288334.0,613,Salaried,1,24,0,0
50,434128.0,302035.0,557,Self-Employed,2,60,0,1
46,279057.0,710213.0,856,Salaried,1,48,0,0
54,749212.0,151648.0,645,Self-Employed,1,48,2,0
40,541570.0,564630.0,816,Salaried,1,24,1,1
26,752790.0,383111.0,807,Self-Employed,1,12,3,1
35,887931.0,321969.0,640,Salaried,0,24,1,0
21,984057.0,182624.0,673,Self-Employed,2,12,2,1
21,447291.0,451878.0,766,Business,1,60,0,1
33,608864.0,440204.0,448,Salaried,2,60,2,1
56,423171.0,50000.0,507,Self-Employed,0,60,0,0
51,734293.0,462086.0,507,Salaried,0,48,1,0
48,520609.0,167393.0,628,Salaried,0,12,2,0
47,885888.0,382599.0,731,Salaried,0,12,1,0
62,574182.0,554761.0,619,Self-Employed,0,48,0,1
58,150000.0,165968.0,847,Self-Employed,1,60,0,0
49,640315.0,441461.0,766,Self-Employed,1,48,0,0
21,950355.0,175914.0,496,Business,1,60,0,0
32,918226.0,448274.0,635,Salaried,1,60,0,0
26,363858.0,627886.0,539,Salaried,1,12,0,1
57,1106170.0,475484.0,891,Salaried,0,12,0,0
53,977221.0,508265.0,864,Salaried,1,36,1,0
60,649693.0,359208.0,716,Salaried,3,12,1,0
60,933367.0,420334.0,305,Business,3,60,0,1
41,625211.0,560275.0,300,Business,0,24,2,1
54,845016.0,484138.0,671,Self-Employed,2,12,3,0
27,599015.0,500038.0,510,Business,0,48,0,1
41,213555.0,371975.0,875,Business,0,24,1,0
21,663892.0,462975.0,550,Business,1,12,1,0
21,391928.0,630750.0,786,Self-Employed,0,12,0,1
46,943374.0,141272.0,885,Salaried,2,36,1,0
45,968288.0,271576.0,510,Business,0,60,1,0
23,330163.0,517696.0,399,Salaried,2,48,0,1
53,640371.0,602060.0,634,Self-Employed,1,36,0,1
49,708473.0,552000.0,873,Self-Employed,0,24,1,0
23,712203.0,545764.0,302,Business,0,36,0,0
36,150000.0,850905.0,346,Self-Employed,0,36,1,1
26,669118.0,331129.0,698,Salaried,1,24,2,0
55,321026.0,87627.0,631,Business,1,12,0,0
56,503685.0,132417.0,569,Salaried,0,24,0,0
22,352896.0,54626.0,538,Salaried,1,24,0,0
24,332881.0,340020.0,654,Salaried,0,60,1,1
54,328110.0,344700.0,432,Salaried,2,24,0,1
55,667171.0,494365.0,352,Salaried,2,60,1,0
56,458314.0,298308.0,444,Salaried,0,36,1,0
56,978656.0,184914.0,671,Salaried,3,24,2,0
33,516267.0,285235.0,429,Self-Employed,0,36,1,1
43,1164769.0,584354.0,317,Business,0,12,0,0
42,596658.0,156835.0,498,Salaried,1,36,0,0
46,465356.0,268970.0,848,Self-Employed,1,24,2,0
64,763646.0,461582.0,582,Self-Employed,0,48,0,0
27,702003.0,590182.0,476,Salaried,2,24,1,1
52,779645.0,84356.0,349,Salaried,1,36,0,0
30,421497.0,426886.0,760,Salaried,0,36,0,1
22,492133.0,352585.0,691,Self-Employed,0,24,0,0
52,465025.0,655939.0,673,Salaried,1,36,0,0
32,297654.0,292535.0,683,Salaried,1,24,0,1
24,600843.0,511428.0,686,Salaried,2,48,0,1
24,755209.0,620424.0,876,Salaried,1,48,0,1
25,631162.0,323341.0,706,Business,1,12,0,0
28,839524.0,50000.0,572,Business,2,48,0,0
44,356594.0,307077.0,438,Self-Employed,3,24,1,1
34,698238.0,408123.0,778,Business,4,12,1,0
54,898060.0,493319.0,488,Self-Employed,0,12,0,0
57,872961.0,557897.0,424,Business,1,12,1,0
25,490823.0,990969.0,700,Business,1,60,1,1
50,643104.0,344119.0,443,Salaried,0,12,0,0
23,794743.0,117691.0,337,Self-Employed,2,36,2,1
49,625444.0,802633.0,751,Business,1,60,0,1
64,245699.0,532740.0,807,Self-Employed,2,24,1,1
40,806747.0,322078.0,637,Salaried,1,60,0,1
48,882140.0,50000.0,896,Business,1,60,0,0
61,708470.0,647642.0,330,Salaried,0,36,0,1
43,362266.0,417287.0,680,Self-Employed,1,36,0,0
37,222411.0,57789.0,579,Salaried,2,36,0,0
33,502406.0,340429.0,811,Self-Employed,4,24,0,0
41,604854.0,524072.0,591,Business,1,36,1,1
35,513775.0,417828.0,522,Salaried,4,48,0,1
39,759903.0,676801.0,708,Salaried,2,48,1,0
62,1078532.0,218887.0,619,Salaried,5,48,2,1
35,610582.0,437683.0,477,Salaried,2,36,2,0
54,791305.0,50000.0,557,Salaried,0,12,2,0
34,742959.0,513961.0,454,Business,0,48,0,0
33,870803.0,679111.0,743,Salaried,1,48,0,0
57,771121.0,783226.0,468,Salaried,1,60,0,1
32,562726.0,431926.0,433,Salaried,1,12,2,1
62,453052.0,437211.0,536,Salaried,0,60,0,1
36,543817.0,272451.0,704,Salaried,0,60,0,1
57,448005.0,641407.0,718,Business,1,48,1,1
24,749579.0,273983.0,865,Salaried,3,12,0,0
58,975256.0,138211.0,352,Salaried,1,12,1,1
54,792125.0,309176.0,339,Self-Employed,1,24,0,0
58,357279.0,293425.0,505,Business,3,60,1,1
50,670969.0,468986.0,487,Salaried,1,48,1,0
24,1203885.0,597936.0,852,Salaried,0,24,0,0
47,578604.0,791456.0,789,Salaried,0,36,1,1
41,657566.0,174063.0,322,Salaried,1,24,0,0
42,791040.0,740926.0,648,Self-Employed,0,48,2,1
31,715119.0,630537.0,725,Self-Employed,0,24,2,1
56,1066234.0,542043.0,438,Salaried,2,36,0,0
27,335589.0,170615.0,378,Self-Employed,1,24,0,0
43,802829.0,640852.0,397,Business,0,36,0,1
29,458061.0,310408.0,668,Salaried,2,12,0,0
37,596924.0,123191.0,408,Business,1,36,0,0
59,798268.0,284856.0,723,Salaried,0,48,3,0
60,224433.0,532898.0,349,Salaried,1,36,0,1
43,1100351.0,280681.0,691,Salaried,1,12,1,0
49,682172.0,236712.0,709,Self-Employed,4,12,0,0
24,784668.0,478391.0,655,Self-Employed,0,12,3,0
50,220002.0,50000.0,591,Salaried,0,24,0,0
41,662743.0,227738.0,770,Business,1,24,1,1
45,899968.0,684488.0,337,Salaried,1,48,1,0
52,928012.0,709787.0,703,Business,3,36,1,0
56,651213.0,485622.0,415,Business,0,36,0,0
41,643116.0,626646.0,578,Business,0,12,2,0
44,766077.0,116653.0,327,Salaried,0,48,0,0
58,780109.0,551474.0,388,Salaried,1,60,1,0
46,1121817.0,370333.0,427,Salaried,0,36,0,0
58,602086.0,144884.0,514,Salaried,1,12,0,0
45,373001.0,698910.0,314,Salaried,0,12,0,1
46,984212.0,243037.0,667,Salaried,1,48,1,0
63,553953.0,368369.0,762,Self-Employed,3,24,2,0
47,1009911.0,362232.0,594,Self-Employed,1,12,1,0
32,752857.0,235095.0,361,Business,1,36,0,0
35,597867.0,495640.0,743,Salaried,0,12,0,1
21,469904.0,201416.0,579,Salaried,1,48,2,1
44,614647.0,370313.0,450,Self-Employed,3,12,2,0
58,1093384.0,320626.0,564,Salaried,1,48,1,0
44,825847.0,331370.0,394,Business,3,48,1,0
27,383969.0,132702.0,332,Business,1,36,0,0
25,697475.0,121448.0,857,Salaried,1,36,0,0
27,1123232.0,466433.0,835,Self-Employed,1,48,2,1
61,887223.0,663186.0,634,Self-Employed,2,24,1,0
58,604280.0,341339.0,401,Self-Employed,4,24,1,1
36,737052.0,210025.0,531,Salaried,0,60,0,0
58,753684.0,451213.0,372,Business,1,36,1,0
25,654354.0,657167.0,679,Salaried,2,12,0,0
55,270253.0,398364.0,603,Business,0,36,2,1
38,309415.0,198106.0,722,Salaried,2,36,1,0
37,1193678.0,294135.0,615,Business,1,60,0,0
26,428202.0,337592.0,682,Salaried,2,12,0,0
43,688903.0,250103.0,452,Salaried,3,48,1,0
52,604970.0,882925.0,824,Salaried,0,36,0,1
56,328556.0,402323.0,379,Business,1,36,1,1
45,887722.0,267016.0,847,Salaried,1,48,1,0
49,510525.0,454439.0,556,Self-Employed,2,48,2,1
60,366604.0,516265.0,516,Self-Employed,1,24,1,1
46,953686.0,469590.0,507,Self-Employed,3,60,2,0
48,836966.0,535499.0,594,Self-Employed,0,48,0,1
46,309290.0,356122.0,896,Salaried,3,48,1,1
32,767106.0,220642.0,670,Salaried,2,24,1,0
21,420581.0,162569.0,342,Salaried,3,24,1,1
34,715151.0,476090.0,339,Self-Employed,0,60,1,1
54,558206.0,641071.0,709,Salaried,0,12,0,1
29,761924.0,615253.0,415,Salaried,1,36,0,1
21,798765.0,493441.0,525,Self-Employed,0,60,0,1
51,413796.0,534869.0,394,Salaried,0,24,0,1
21,662326.0,297137.0,847,Self-Employed,1,12,1,0
40,1000814.0,471185.0,373,Salaried,0,48,0,0
44,596897.0,468000.0,411,Salaried,1,24,0,0
54,691496.0,600031.0,449,Salaried,1,24,1,1
60,668683.0,646512.0,638,Salaried,1,48,1,0
41,1141518.0,340671.0,319,Salaried,0,60,2,0
35,620686.0,570350.0,533,Salaried,0,36,0,1
47,726319.0,50000.0,510,Salaried,0,24,0,0
23,939775.0,727062.0,498,Salaried,1,36,0,0
44,1047523.0,233263.0,781,Salaried,3,60,0,0
47,746777.0,249593.0,730,Business,1,12,1,0
37,704106.0,200714.0,632,Business,2,48,0,0
45,715846.0,596008.0,848,Salaried,1,36,0,0
51,1008371.0,568324.0,470,Self-Employed,1,48,2,0
44,348203.0,272724.0,625,Self-Employed,2,60,2,0
44,435075.0,315233.0,788,Self-Employed,3,36,0,0
34,736236.0,447642.0,546,Salaried,1,12,0,0
38,662469.0,396014.0,489,Self-Employed,2,36,1,1
36,946110.0,462200.0,616,Self-Employed,2,12,0,0
52,499635.0,155686.0,551,Salaried,0,48,3,0
35,1010687.0,632423.0,685,Self-Employed,0,60,0,0
51,774998.0,444451.0,490,Salaried,2,24,1,1
58,769552.0,180897.0,766,Self-Employed,0,12,1,1
34,505410.0,352694.0,819,Salaried,1,36,0,0
29,602908.0,603819.0,384,Salaried,1,12,0,0
46,778546.0,474692.0,886,Salaried,1,12,0,0
50,608113.0,122677.0,323,Salaried,1,48,1,1
30,785412.0,478763.0,776,Business,0,12,1,0
23,268281.0,50000.0,588,Business,1,60,1,0
29,727190.0,601311.0,625,Salaried,0,12,1,0
28,921728.0,765137.0,437,Business,1,60,0,1
60,844042.0,129157.0,496,Salaried,2,12,1,0
64,900995.0,361361.0,829,Salaried,0,24,1,0
31,905959.0,277305.0,520,Salaried,1,12,1,0
41,888202.0,469046.0,377,Self-Employed,2,48,0,1
45,520762.0,378348.0,766,Salaried,3,12,0,0
40,922738.0,720610.0,515,Salaried,2,48,0,0
44,729200.0,491009.0,783,Salaried,3,24,1,0
60,685568.0,50000.0,561,Self-Employed,1,36,0,0
38,782241.0,418006.0,879,Self-Employed,1,48,1,0
38,481415.0,532787.0,622,Salaried,1,36,2,1
51,862565.0,1013640.0,813,Self-Employed,1,24,0,0
37,783015.0,485161.0,383,Salaried,0,60,1,0
47,501110.0,571477.0,433,Self-Employed,1,48,1,1
53,505463.0,369647.0,560,Self-Employed,1,24,1,0
59,682590.0,328307.0,442,Salaried,1,24,0,0
36,805614.0,454333.0,739,Salaried,0,60,0,0
21,767158.0,142576.0,326,Salaried,3,12,0,0
61,761384.0,472695.0,687,Self-Employed,2,36,0,0
30,504569.0,627714.0,416,Salaried,0,36,1,1
39,541398.0,139841.0,494,Self-Employed,1,60,2,1
51,667176.0,576463.0,756,Salaried,1,48,0,1
34,150000.0,182890.0,453,Self-Employed,1,12,0,1
51,720566.0,53341.0,475,Business,1,12,1,0
28,1107560.0,541231.0,321,Salaried,1,60,0,0
38,513288.0,417000.0,428,Salaried,0,24,0,1
24,745093.0,500176.0,464,Business,1,60,0,1
22,194542.0,385650.0,684,Salaried,1,12,0,0
55,784958.0,186561.0,627,Salaried,1,48,1,0
35,222086.0,341777.0,822,Self-Employed,1,60,0,1
23,552085.0,405640.0,412,Salaried,2,24,3,0
26,895611.0,511349.0,423,Salaried,1,24,2,1
59,879909.0,437147.0,859,Self-Employed,1,24,1,0
22,175839.0,361419.0,563,Self-Employed,0,36,0,1
56,561891.0,128044.0,522,Salaried,1,48,0,0
49,659407.0,510816.0,575,Self-Employed,0,48,1,1
22,946874.0,397264.0,513,Self-Employed,0,48,0,1
36,729938.0,465676.0,740,Salaried,1,24,0,0
64,802492.0,462847.0,827,Salaried,0,12,1,0
37,516851.0,274455.0,814,Business,0,48,1,0
39,450642.0,546906.0,735,Business,0,60,0,0
42,590494.0,412077.0,755,Salaried,0,12,0,0
44,970665.0,340262.0,316,Salaried,0,24,0,1
30,1098825.0,357371.0,304,Business,1,60,1,1
55,778904.0,451814.0,403,Salaried,0,24,0,0
31,720718.0,205757.0,610,Salaried,1,60,1,0
57,557706.0,587068.0,485,Salaried,3,36,0,1
27,1012142.0,595052.0,803,Salaried,1,12,0,0
30,440635.0,548627.0,649,Business,1,48,0,1
56,644974.0,331395.0,567,Business,2,36,0,0
33,735776.0,527184.0,729,Self-Employed,2,36,1,0
55,222722.0,431279.0,637,Self-Employed,2,24,0,1
27,938602.0,558894.0,664,Salaried,0,48,1,0
58,930660.0,185876.0,854,Salaried,1,12,0,0
29,434135.0,324272.0,315,Self-Employed,2,36,1,1
31,498962.0,221730.0,607,Self-Employed,1,36,0,0
51,908053.0,371460.0,664,Self-Employed,1,24,1,0
54,384545.0,531603.0,755,Salaried,1,36,1,1
23,535976.0,248336.0,781,Salaried,2,12,0,0
42,984378.0,195201.0,678,Business,0,12,0,0
45,1178479.0,636323.0,316,Salaried,1,36,0,0
22,731536.0,450201.0,375,Salaried,2,24,1,0
49,242555.0,551550.0,399,Salaried,1,12,0,0
55,839856.0,413992.0,406,Business,1,36,0,0
63,418089.0,473906.0,405,Salaried,2,48,0,1
49,531596.0,295308.0,409,Salaried,0,12,1,0
41,759109.0,152798.0,850,Salaried,1,12,0,0
33,334123.0,339906.0,849,Salaried,2,48,1,0
53,351338.0,160182.0,813,Business,0,24,0,0
41,716048.0,315843.0,457,Business,1,60,0,0
40,624226.0,436613.0,884,Salaried,0,48,1,0
42,213894.0,50000.0,873,Business,2,12,0,0
57,674906.0,50000.0,511,Business,0,48,1,1
40,569143.0,400163.0,731,Salaried,0,36,1,0
34,630710.0,550866.0,718,Salaried,3,48,1,1
41,566509.0,292877.0,389,Salaried,0,24,0,0
39,150000.0,489554.0,498,Salaried,0,60,1,1
27,803355.0,150912.0,314,Salaried,0,12,2,1
39,702539.0,450884.0,572,Salaried,0,24,0,0
27,707956.0,494969.0,815,Salaried,0,48,0,0
30,1116346.0,147271.0,544,Salaried,1,12,1,0
39,598780.0,50000.0,571,Salaried,2,36,0,0
22,871428.0,833122.0,797,Business,0,60,0,0
58,682190.0,499072.0,394,Self-Employed,1,48,0,0
64,774282.0,277530.0,641,Business,1,12,0,0
42,769642.0,501910.0,622,Business,1,60,0,0
29,473217.0,240126.0,465,Self-Employed,1,36,0,0
36,983412.0,523809.0,494,Self-Employed,3,12,1,1
39,692635.0,296333.0,387,Self-Employed,0,12,0,0
44,715674.0,123245.0,663,Self-Employed,1,24,0,0
59,700109.0,546085.0,785,Salaried,2,60,0,0
26,612214.0,220222.0,533,Salaried,0,24,0,0
44,848979.0,50000.0,716,Self-Employed,0,36,0,0
34,427833.0,413988.0,352,Salaried,1,12,1,1
63,1034307.0,752352.0,511,Salaried,1,60,0,0
31,952404.0,341487.0,888,Self-Employed,0,60,1,0
45,875611.0,773783.0,848,Salaried,0,48,0,1
36,613875.0,307289.0,890,Self-Employed,0,24,2,0
59,454931.0,490978.0,483,Salaried,3,36,0,0
43,405523.0,128597.0,494,Business,1,48,0,0
28,671570.0,440844.0,478,Salaried,1,60,2,0
38,967555.0,690241.0,660,Salaried,0,60,1,0
51,1051562.0,50000.0,626,Salaried,1,12,1,0
55,597832.0,482186.0,542,Salaried,0,24,0,1
62,527686.0,291661.0,558,Salaried,0,24,1,0
43,277913.0,318987.0,452,Self-Employed,0,48,1,1
24,526402.0,320301.0,656,Salaried,0,36,1,0
43,593842.0,475391.0,772,Salaried,0,36,0,1
63,979124.0,485166.0,311,Self-Employed,0,60,2,0
33,570966.0,127147.0,499,Salaried,0,60,1,0
37,906716.0,138508.0,593,Salaried,1,48,0,0
52,794573.0,657256.0,493,Business,1,12,2,1
33,591973.0,490896.0,617,Salaried,2,48,2,1
43,1001746.0,154254.0,837,Salaried,1,12,0,0
57,862259.0,330612.0,839,Salaried,1,48,0,0
49,977394.0,116036.0,333,Self-Employed,2,60,1,0
24,334231.0,457078.0,638,Salaried,1,36,1,1
47,859416.0,357829.0,727,Business,1,24,0,0
59,954586.0,648453.0,726,Business,0,24,1,0
28,425526.0,649526.0,869,Business,2,12,2,1
34,766857.0,428205.0,566,Business,0,48,0,0
41,1002868.0,358385.0,356,Salaried,2,24,0,0
57,931173.0,986643.0,825,Salaried,0,12,0,0
59,444885.0,215324.0,332,Salaried,2,36,1,0
40,581931.0,279957.0,528,Salaried,1,12,0,0
27,504478.0,933261.0,864,Salaried,1,60,0,1
57,269151.0,308498.0,476,Salaried,1,36,1,1
39,641263.0,549349.0,481,Business,1,24,0,1
49,725519.0,50000.0,575,Salaried,0,24,0,0
25,695154.0,479772.0,431,Salaried,3,36,0,0
52,472708.0,577746.0,476,Business,1,60,2,1
36,150000.0,256611.0,363,Business,1,48,0,1
21,433902.0,645176.0,342,Salaried,0,60,2,1
33,846914.0,715515.0,314,Business,0,48,1,1
41,930143.0,390186.0,362,Business,1,60,1,0
61,624657.0,580966.0,467,Salaried,3,12,0,1
43,637493.0,239267.0,414,Salaried,0,60,0,1
41,451278.0,143694.0,856,Salaried,2,48,0,0
44,711042.0,598858.0,782,Business,1,36,0,1
58,476251.0,651789.0,470,Self-Employed,1,12,0,1
51,816904.0,443121.0,453,Business,0,36,0,0
61,1260537.0,695158.0,604,Salaried,1,48,2,0
27,448642.0,99216.0,685,Self-Employed,1,48,0,0
33,1187014.0,596877.0,712,Salaried,3,60,0,0
21,708543.0,239555.0,899,Salaried,1,48,0,0
41,542842.0,423563.0,618,Salaried,2,36,0,0
34,818394.0,404606.0,611,Business,1,60,0,0
51,792010.0,634799.0,543,Salaried,0,24,1,0
41,657937.0,203450.0,457,Salaried,2,60,1,0
27,346365.0,212201.0,774,Business,1,36,1,0
29,732092.0,517292.0,643,Salaried,1,60,0,0
62,1003507.0,367984.0,668,Salaried,2,24,0,0
33,968277.0,291195.0,616,Business,1,48,0,0
24,575917.0,496751.0,730,Salaried,1,12,0,1
57,582726.0,330174.0,385,Salaried,1,12,1,0
62,1126836.0,411097.0,376,Self-Employed,1,24,0,1
46,150000.0,299520.0,600,Salaried,0,36,0,1
47,432834.0,193917.0,878,Self-Employed,3,12,0,1
46,704182.0,360947.0,441,Salaried,0,12,1,0
49,539689.0,178452.0,352,Salaried,0,48,3,0
56,699943.0,511460.0,442,Business,2,36,0,0
42,677093.0,364208.0,774,Salaried,0,12,0,0
51,421873.0,546014.0,362,Salaried,1,24,0,1
44,442772.0,487907.0,790,Salaried,0,36,0,1
63,271794.0,298564.0,597,Salaried,2,24,0,0
26,395417.0,123173.0,747,Business,1,36,0,0
41,486424.0,575016.0,685,Self-Employed,1,48,1,1
31,688312.0,392303.0,775,Business,1,60,1,0
25,663402.0,505835.0,836,Salaried,3,60,0,0
58,570150.0,568044.0,483,Salaried,1,60,0,1
24,645396.0,613949.0,623,Business,1,12,1,1
25,338310.0,198273.0,401,Salaried,2,36,0,0
43,687763.0,557805.0,644,Salaried,2,12,0,1
57,1016898.0,238741.0,517,Salaried,2,24,0,0
50,412808.0,172365.0,714,Salaried,1,36,1,1
54,807713.0,428688.0,577,Salaried,2,12,0,0
38,614141.0,372484.0,367,Salaried,1,36,1,1
27,394859.0,498988.0,507,Salaried,1,60,0,1
62,569788.0,248178.0,563,Salaried,1,24,0,0
37,150000.0,325497.0,382,Business,1,12,0,1
42,798320.0,629907.0,645,Salaried,0,36,1,0
40,862983.0,549346.0,441,Salaried,1,48,2,0
44,272946.0,420463.0,591,Business,3,12,2,1
30,491315.0,325760.0,879,Self-Employed,1,60,0,0
34,407118.0,538823.0,517,Salaried,0,48,0,1
41,539228.0,182146.0,614,Business,2,12,0,0
32,763924.0,368045.0,439,Business,1,48,0,0
30,889394.0,658600.0,411,Self-Employed,0,48,0,0
53,849576.0,129393.0,408,Self-Employed,0,24,1,0
53,479392.0,482595.0,397,Business,2,24,0,1
56,1104606.0,68978.0,538,Salaried,2,60,1,0
47,547555.0,439179.0,881,Salaried,0,48,2,1
36,600609.0,479635.0,702,Salaried,0,36,0,0
38,569502.0,679760.0,650,Business,2,60,0,1
64,378653.0,464155.0,864,Salaried,2,12,1,0
47,500444.0,101707.0,376,Salaried,1,48,0,1
29,150000.0,50000.0,377,Self-Employed,1,36,2,0
53,595850.0,364313.0,595,Salaried,2,36,1,1
49,909762.0,406656.0,896,Salaried,0,36,0,0
50,888555.0,609166.0,311,Business,1,24,0,0
33,647195.0,201525.0,860,Self-Employed,0,12,0,0
31,264779.0,193005.0,728,Salaried,0,12,1,0
31,838561.0,224578.0,745,Salaried,1,24,0,0
33,982838.0,476078.0,622,Salaried,0,60,0,0
34,878148.0,596798.0,808,Salaried,0,60,0,0
62,599760.0,389643.0,845,Salaried,0,60,0,0
53,943015.0,520792.0,636,Business,2,12,0,0
38,969454.0,317190.0,643,Salaried,0,12,2,0
63,948742.0,241785.0,577,Self-Employed,0,60,0,0
45,350418.0,625871.0,719,Salaried,0,60,0,1
43,735969.0,639573.0,811,Business,2,60,1,1
25,397479.0,464413.0,658,Self-Employed,1,24,0,1
23,1197636.0,717013.0,437,Business,1,48,0,1
37,908486.0,734234.0,393,Salaried,0,60,0,0
33,641766.0,791556.0,513,Salaried,3,36,1,1
28,513948.0,509062.0,525,Business,1,24,1,1
27,724388.0,698889.0,301,Business,1,12,0,1
55,1001858.0,300389.0,340,Salaried,0,48,2,0
29,404825.0,615356.0,491,Salaried,2,24,0,0
54,908227.0,961989.0,560,Salaried,2,48,0,0
43,662499.0,1051958.0,621,Salaried,2,60,0,1
29,1001832.0,439748.0,846,Salaried,0,48,0,0
55,1100622.0,368932.0,480,Salaried,1,12,0,0
45,347463.0,810206.0,739,Business,1,48,0,0
29,432936.0,362304.0,427,Salaried,0,12,1,1
24,440918.0,480749.0,643,Self-Employed,1,24,3,1
34,736927.0,284731.0,605,Salaried,1,60,0,0
44,403869.0,596402.0,736,Salaried,1,60,0,1
58,809489.0,398074.0,335,Salaried,0,36,2,1
64,282928.0,386264.0,876,Self-Employed,0,24,0,1
63,836530.0,415390.0,790,Salaried,1,24,0,0
23,517336.0,519739.0,791,Salaried,0,60,0,1
61,709458.0,451756.0,468,Business,1,48,0,0
51,772949.0,400477.0,878,Self-Employed,2,60,2,0
31,731775.0,800509.0,341,Self-Employed,0,60,0,1
40,177872.0,417745.0,730,Business,0,48,0,1
63,491215.0,665210.0,745,Business,1,36,0,1
21,456585.0,536933.0,482,Salaried,4,24,0,1
35,940897.0,448125.0,861,Business,1,36,1,0
55,881568.0,683966.0,794,Salaried,2,12,1,0
45,1108731.0,145813.0,842,Self-Employed,1,24,0,0
22,430516.0,331850.0,322,Salaried,0,60,0,0
42,463963.0,505163.0,471,Salaried,1,60,0,0
50,722908.0,428645.0,569,Salaried,3,24,1,0
25,1011376.0,780305.0,450,Business,1,48,1,0
24,754276.0,384369.0,727,Salaried,0,60,0,0
36,344545.0,617668.0,707,Business,2,12,2,0
61,838009.0,230459.0,837,Business,0,60,1,0
22,982545.0,360161.0,354,Self-Employed,0,36,0,0
58,957085.0,476781.0,712,Self-Employed,0,36,2,1
28,907699.0,590651.0,625,Salaried,0,48,0,0
28,435674.0,424907.0,825,Self-Employed,1,24,0,0
21,691159.0,462608.0,894,Salaried,2,12,0,0
38,1044794.0,477152.0,670,Self-Employed,1,24,0,0
58,239510.0,349785.0,517,Business,2,36,1,1
32,635176.0,487208.0,694,Salaried,2,12,2,1
59,417108.0,676845.0,546,Salaried,0,12,0,0
64,772560.0,218141.0,729,Salaried,0,12,0,0
43,409052.0,677555.0,427,Self-Employed,1,36,0,1
37,543253.0,489243.0,713,Salaried,2,36,0,1
34,382668.0,467651.0,443,Business,3,24,1,1
58,723495.0,50000.0,347,Self-Employed,1,48,0,0
51,749421.0,439239.0,732,Salaried,1,12,1,0
25,743320.0,196966.0,711,Salaried,1,48,0,0
57,694531.0,94118.0,617,Salaried,1,24,1,0
24,699389.0,246566.0,725,Self-Employed,2,24,0,0
23,804777.0,559004.0,374,Salaried,1,12,0,0
33,576732.0,427910.0,559,Self-Employed,2,36,1,0
21,861969.0,505536.0,433,Salaried,1,60,0,0
61,877623.0,344629.0,407,Salaried,0,60,0,0
56,375760.0,236724.0,548,Business,1,60,1,0
55,804669.0,399848.0,529,Self-Employed,0,36,0,0
61,196843.0,363761.0,638,Self-Employed,2,12,0,1
29,334052.0,289281.0,423,Salaried,3,36,0,1
33,711546.0,289787.0,301,Salaried,3,12,0,0
25,623577.0,288776.0,855,Self-Employed,1,12,2,1
33,1012433.0,699749.0,405,Self-Employed,1,12,0,0
30,499363.0,241791.0,891,Self-Employed,0,12,0,0
58,898436.0,374251.0,640,Salaried,1,12,1,0
28,339276.0,376903.0,816,Business,5,60,0,1
36,1035145.0,436468.0,672,Salaried,2,48,1,0
61,441729.0,225465.0,883,Salaried,1,48,0,0
43,597635.0,331230.0,518,Salaried,0,24,0,1
43,459493.0,667736.0,406,Self-Employed,0,48,0,1
62,500294.0,619054.0,382,Self-Employed,1,48,0,1
53,557956.0,419534.0,541,Salaried,0,48,1,0
63,363372.0,508026.0,634,Self-Employed,2,48,0,1
34,1084360.0,789501.0,409,Salaried,0,60,0,0
59,821731.0,293121.0,729,Salaried,0,48,2,0
41,708518.0,471828.0,573,Salaried,0,24,1,0
55,497960.0,858123.0,332,Salaried,3,24,0,1
21,772756.0,154241.0,800,Business,0,12,0,0
42,737344.0,541486.0,881,Salaried,4,24,1,0
52,708922.0,385632.0,658,Self-Employed,1,12,0,0
56,436142.0,507283.0,482,Self-Employed,2,36,4,1
30,803761.0,851672.0,735,Self-Employed,0,48,2,1
62,887656.0,797651.0,317,Self-Employed,0,36,2,1
36,740839.0,122363.0,366,Salaried,2,60,0,1
52,658604.0,346661.0,432,Self-Employed,1,12,0,1
53,633572.0,223159.0,595,Salaried,1,24,0,0
28,212419.0,866727.0,316,Salaried,0,12,2,1
52,595147.0,703877.0,553,Salaried,2,12,1,1
63,881448.0,415877.0,897,Salaried,0,48,0,0
25,461561.0,530522.0,740,Salaried,0,60,0,1
43,978885.0,492340.0,780,Self-Employed,1,60,3,0
44,514725.0,182391.0,857,Business,0,12,1,0
29,150000.0,323500.0,654,Business,1,24,1,1
35,573627.0,462366.0,368,Salaried,0,12,1,1
52,630615.0,76815.0,687,Salaried,0,12,0,0
24,501911.0,445547.0,499,Self-Employed,0,48,1,1
42,741013.0,56498.0,642,Business,2,24,3,0
58,533675.0,619606.0,537,Self-Employed,1,24,1,1
50,735068.0,50000.0,728,Salaried,3,36,1,0
21,792678.0,530393.0,728,Salaried,0,60,1,0
37,649880.0,261365.0,733,Salaried,1,36,1,0
38,481334.0,643874.0,738,Business,1,48,2,1
32,362142.0,240932.0,422,Self-Employed,0,36,0,0
35,618963.0,275138.0,497,Salaried,2,60,0,0
47,726879.0,122570.0,868,Business,1,12,0,0
40,683015.0,293836.0,772,Salaried,0,12,1,0
48,809580.0,457938.0,630,Business,0,12,0,0
44,207917.0,496754.0,607,Salaried,0,12,0,1
60,180144.0,337731.0,302,Salaried,0,24,0,1
38,475043.0,836898.0,675,Salaried,2,60,1,0
41,445183.0,288675.0,665,Business,2,36,0,0
64,511308.0,404351.0,674,Self-Employed,1,24,0,0
44,668629.0,171073.0,723,Salaried,0,60,0,0
43,383999.0,278820.0,683,Self-Employed,3,36,1,0
31,606870.0,311662.0,480,Salaried,1,48,2,0
25,333625.0,623617.0,582,Self-Employed,1,48,0,1
49,765298.0,659966.0,740,Salaried,2,60,1,1
51,1026971.0,634751.0,796,Salaried,2,60,0,0
28,706343.0,50000.0,694,Salaried,2,60,1,0
22,664759.0,50000.0,545,Self-Employed,0,36,0,0
42,1088832.0,401228.0,723,Self-Employed,1,48,0,1
64,621565.0,154518.0,514,Business,1,12,1,0
54,818044.0,401512.0,871,Self-Employed,1,24,0,0
25,631539.0,316704.0,374,Self-Employed,0,60,0,0
37,696403.0,331808.0,442,Salaried,3,36,0,0
44,1030031.0,569425.0,342,Salaried,2,24,0,0
57,150000.0,570738.0,569,Salaried,2,12,1,1
30,150000.0,413354.0,684,Salaried,1,60,0,0
38,988560.0,307053.0,495,Salaried,0,24,1,0
58,408760.0,295759.0,304,Salaried,0,36,0,0
50,968826.0,577483.0,796,Salaried,1,12,1,0
38,486187.0,344189.0,682,Self-Employed,0,60,0,0
54,481780.0,699649.0,887,Salaried,1,36,2,1
49,670624.0,387258.0,812,Salaried,2,24,2,0
33,439304.0,596176.0,790,Salaried,1,12,1,1
56,833164.0,883368.0,434,Salaried,3,24,0,1
33,662374.0,611037.0,380,Salaried,0,12,3,1
45,823442.0,450789.0,712,Self-Employed,2,36,1,0
57,397136.0,402041.0,785,Salaried,0,36,2,1
30,210476.0,604647.0,625,Salaried,1,36,1,1
31,604993.0,358398.0,437,Salaried,0,60,0,0
29,485654.0,89897.0,563,Salaried,1,48,0,0
21,229209.0,517918.0,795,Business,0,48,0,1
43,858841.0,696923.0,503,Salaried,1,48,1,0
60,1021396.0,608989.0,323,Business,2,60,0,0
45,559897.0,123891.0,714,Salaried,1,12,0,0
54,1165202.0,657131.0,789,Business,1,60,1,1
36,1107609.0,604582.0,801,Business,2,60,0,0
51,783401.0,621011.0,560,Salaried,2,24,0,0
58,594708.0,519437.0,452,Salaried,0,24,1,1
32,1238479.0,493118.0,537,Salaried,2,12,0,0
27,306779.0,540783.0,447,Salaried,0,24,1,1
60,1041122.0,72198.0,849,Salaried,2,24,0,0
42,854363.0,643853.0,607,Salaried,0,12,2,0
61,532905.0,456677.0,569,Salaried,1,12,3,1
38,777836.0,185456.0,786,Self-Employed,1,24,0,0
36,717432.0,768637.0,714,Self-Employed,1,36,2,1
21,605630.0,297584.0,746,Salaried,0,60,0,0
28,524752.0,460397.0,541,Salaried,1,60,1,1
33,150000.0,184786.0,476,Salaried,1,60,0,1
54,460785.0,567620.0,584,Self-Employed,0,48,3,1
48,498403.0,50000.0,356,Salaried,1,12,1,0
51,824968.0,687713.0,868,Salaried,0,36,1,1
33,540805.0,389515.0,813,Salaried,2,48,0,0
34,180692.0,364360.0,626,Salaried,0,48,2,1
51,714493.0,782683.0,619,Salaried,1,36,0,1
38,594436.0,530750.0,655,Salaried,2,36,1,1
29,447033.0,92101.0,529,Salaried,1,48,2,1
34,724494.0,376222.0,888,Self-Employed,2,48,0,0
42,602126.0,509135.0,572,Salaried,1,24,0,1
58,752099.0,488119.0,345,Self-Employed,0,36,0,0
49,632611.0,488419.0,870,Salaried,0,36,0,0
61,524913.0,364570.0,611,Salaried,0,48,1,0
25,844066.0,176068.0,570,Salaried,2,48,0,0
25,649209.0,562926.0,785,Self-Employed,0,48,1,1
50,996963.0,87478.0,585,Salaried,4,60,0,0
21,848391.0,554179.0,500,Salaried,2,12,0,0
53,731696.0,235526.0,502,Salaried,1,60,1,0
51,942660.0,133820.0,733,Salaried,1,60,0,0
23,270384.0,789521.0,416,Salaried,1,60,2,1
55,296180.0,527623.0,336,Salaried,2,48,1,1
34,261629.0,796991.0,764,Self-Employed,1,48,1,1
42,581745.0,330723.0,334,Salaried,2,24,1,1
27,958391.0,50000.0,304,Salaried,0,24,0,0
53,477070.0,683952.0,492,Salaried,0,12,0,1
27,640693.0,276792.0,841,Salaried,2,12,0,0
31,594575.0,654404.0,680,Salaried,0,60,0,0
43,805446.0,420042.0,841,Salaried,1,24,2,0
57,485714.0,429250.0,607,Salaried,1,36,1,1
47,399166.0,448786.0,552,Self-Employed,2,60,1,1
60,684471.0,521481.0,747,Salaried,0,12,1,0
21,895834.0,321276.0,321,Salaried,1,48,2,1
32,306918.0,153432.0,584,Salaried,1,36,2,0
51,503697.0,522096.0,313,Salaried,1,36,0,1
37,465095.0,241837.0,354,Salaried,2,36,0,0
59,583101.0,254992.0,452,Salaried,0,36,1,0
55,698262.0,505404.0,385,Salaried,2,36,1,0
55,884425.0,658783.0,665,Self-Employed,0,24,0,0
57,639874.0,368520.0,700,Salaried,1,48,1,0
57,421142.0,481161.0,335,Business,0,60,0,0
29,406190.0,380685.0,854,Business,0,36,0,0
51,700837.0,169742.0,677,Salaried,3,36,0,0
43,783777.0,319079.0,319,Salaried,1,24,1,0
61,298432.0,565113.0,617,Salaried,1,60,0,1
44,637417.0,50000.0,852,Salaried,1,48,0,0
48,515342.0,633062.0,452,Salaried,0,12,2,0
34,801102.0,625359.0,695,Self-Employed,2,48,2,0
54,316073.0,524607.0,460,Business,3,12,0,1
51,463670.0,127697.0,351,Self-Employed,0,36,0,0
26,786858.0,475531.0,775,Business,1,36,0,0
43,589762.0,544907.0,893,Salaried,1,24,2,0
42,847235.0,434803.0,555,Salaried,0,48,2,1
21,546390.0,370266.0,568,Business,0,60,1,0
57,875274.0,359709.0,883,Salaried,0,48,0,0
56,239079.0,75698.0,753,Salaried,1,24,0,0
59,416044.0,494394.0,749,Salaried,0,24,3,1
47,809071.0,172761.0,403,Salaried,1,24,0,1
55,912909.0,739724.0,849,Salaried,2,36,2,1
60,1031013.0,510585.0,690,Self-Employed,2,60,0,0
43,735435.0,66031.0,355,Salaried,2,60,0,0
33,824800.0,468898.0,448,Salaried,1,60,1,0
64,557194.0,417334.0,769,Salaried,2,12,0,0
50,1122509.0,118311.0,550,Salaried,1,60,0,0
48,239530.0,416612.0,758,Salaried,2,12,0,1
25,305335.0,130593.0,841,Self-Employed,0,36,1,0
41,528426.0,715790.0,791,Business,1,60,0,1
41,610575.0,268871.0,448,Salaried,0,24,0,0
31,150000.0,113627.0,435,Salaried,0,12,1,0
26,1005417.0,338359.0,666,Salaried,0,48,0,0
64,691240.0,330004.0,606,Business,1,24,1,0
55,742233.0,96049.0,476,Business,0,24,2,0
28,212072.0,417071.0,462,Salaried,2,36,1,1
37,684439.0,333673.0,627,Salaried,1,48,1,0
46,673155.0,149202.0,623,Business,0,24,3,0
35,477726.0,136861.0,738,Salaried,1,60,1,0
22,841258.0,165261.0,746,Business,1,24,1,0
60,538466.0,747672.0,359,Business,1,12,2,1
21,730486.0,299707.0,525,Salaried,2,12,0,0
63,750576.0,376315.0,563,Salaried,1,48,2,0
52,418466.0,95792.0,647,Self-Employed,2,36,0,0
62,1100072.0,297270.0,836,Salaried,0,12,2,0
48,557549.0,312656.0,349,Business,1,24,0,0
51,581837.0,671688.0,647,Salaried,2,24,0,1
49,674137.0,271714.0,398,Business,7,48,0,1
59,1376845.0,582058.0,587,Business,2,60,1,0
25,777893.0,470020.0,417,Salaried,1,36,0,0
39,481786.0,415530.0,449,Self-Employed,2,12,0,1
37,566065.0,569824.0,488,Salaried,3,48,0,1
50,470841.0,351431.0,801,Self-Employed,1,60,2,0
62,767718.0,250832.0,431,Business,1,48,0,0
39,556455.0,363106.0,490,Salaried,1,12,2,0
26,676794.0,576431.0,751,Salaried,1,24,0,0
56,889208.0,578035.0,337,Salaried,2,48,1,0
45,830132.0,455046.0,515,Salaried,0,24,0,0
42,378652.0,457114.0,859,Self-Employed,2,60,1,0
58,316331.0,441088.0,839,Salaried,3,24,1,0
27,874948.0,653705.0,651,Self-Employed,3,48,2,1
49,755612.0,439901.0,553,Business,1,36,0,0
33,483595.0,347374.0,692,Salaried,0,24,0,0
40,879464.0,530231.0,878,Self-Employed,0,48,0,0
37,521961.0,704443.0,719,Salaried,0,24,0,0
31,355155.0,292030.0,773,Salaried,0,12,0,0
36,623969.0,373194.0,875,Salaried,2,48,0,0
50,777606.0,759785.0,426,Salaried,3,24,0,0
52,825784.0,320524.0,888,Business,0,60,1,0
24,555404.0,199329.0,666,Business,0,12,2,0
54,714010.0,308183.0,476,Self-Employed,0,36,1,0
48,448638.0,414761.0,810,Business,1,12,1,0
22,386947.0,50000.0,789,Salaried,0,60,1,0
32,739457.0,445669.0,793,Self-Employed,5,48,0,0
26,617088.0,277809.0,852,Salaried,4,60,1,0
27,587705.0,364219.0,425,Salaried,3,48,0,1
24,837667.0,363464.0,677,Salaried,0,60,1,0
29,409982.0,50000.0,605,Business,2,60,0,0
21,560067.0,449858.0,641,Salaried,1,60,1,1
26,1009234.0,674253.0,365,Self-Employed,1,48,2,0
42,604611.0,218661.0,737,Business,1,36,0,0
42,1112838.0,639880.0,388,Salaried,1,48,0,0
29,936072.0,263131.0,745,Salaried,0,12,0,0
25,708383.0,262366.0,612,Self-Employed,2,24,1,0
49,688928.0,593645.0,767,Salaried,0,60,0,0
46,600392.0,100479.0,489,Business,1,60,0,0
54,377891.0,441625.0,872,Salaried,2,24,0,0
27,881284.0,242640.0,370,Business,1,48,0,1
36,652478.0,843339.0,727,Salaried,0,48,1,0
28,932906.0,475498.0,492,Salaried,1,12,1,0
50,590614.0,659900.0,842,Self-Employed,2,60,1,1
53,715369.0,446502.0,784,Salaried,1,60,0,0
55,1119992.0,514473.0,506,Salaried,1,48,0,0
42,613433.0,50000.0,412,Salaried,0,60,0,1
34,1075795.0,510134.0,601,Salaried,2,36,0,0
53,736726.0,368003.0,756,Salaried,0,60,0,0
44,588680.0,650017.0,878,Salaried,0,36,0,0
59,316546.0,528296.0,437,Salaried,2,24,1,1
27,1047092.0,711614.0,869,Salaried,2,24,1,0
61,622514.0,343544.0,408,Salaried,4,60,0,0
50,740448.0,321542.0,629,Business,0,24,1,0
64,800615.0,462458.0,770,Salaried,1,60,1,1
57,342626.0,292563.0,832,Business,1,24,1,1
62,583115.0,551123.0,636,Salaried,1,60,1,1
62,688802.0,467844.0,348,Salaried,3,36,1,0
58,351365.0,256547.0,812,Self-Employed,1,60,0,0
61,1020887.0,168756.0,863,Salaried,1,60,0,0
30,909938.0,340292.0,467,Self-Employed,3,12,0,0
25,718209.0,139521.0,867,Salaried,0,48,1,0
53,408394.0,369162.0,671,Self-Employed,4,60,0,1
51,599124.0,296325.0,802,Salaried,2,60,0,0
31,454759.0,626980.0,736,Salaried,1,24,1,1
62,1163137.0,689017.0,703,Salaried,0,24,1,0
48,529789.0,595687.0,588,Self-Employed,1,60,0,1
48,889674.0,606996.0,682,Salaried,0,24,1,1
29,721564.0,121004.0,725,Salaried,0,60,1,0
30,812958.0,480895.0,537,Salaried,0,12,0,0
30,466726.0,184115.0,774,Self-Employed,2,60,0,0
53,814470.0,452005.0,690,Salaried,0,36,1,0
31,659296.0,316596.0,827,Salaried,1,12,0,0
43,749301.0,265647.0,876,Salaried,2,60,2,0
38,843723.0,285977.0,428,Salaried,1,36,1,1
30,652326.0,323244.0,670,Salaried,1,12,1,0
63,854857.0,469160.0,432,Salaried,0,60,1,0
27,539982.0,113106.0,574,Salaried,1,12,1,0
28,525408.0,110562.0,338,Self-Employed,1,12,0,1
49,896050.0,50000.0,856,Salaried,2,48,0,0
58,656108.0,744158.0,468,Salaried,3,60,1,1
30,819298.0,556051.0,876,Salaried,1,60,2,0
25,564370.0,600888.0,529,Salaried,0,24,1,1
62,756050.0,228218.0,588,Salaried,0,36,0,0
62,554659.0,648994.0,778,Self-Employed,1,12,1,1
39,150000.0,267467.0,470,Self-Employed,0,24,0,1
50,910265.0,413298.0,667,Salaried,0,60,0,0
62,690492.0,406449.0,722,Self-Employed,1,12,1,0
31,439791.0,579770.0,681,Salaried,1,12,0,1
40,1026140.0,323905.0,727,Business,0,36,1,0
55,775344.0,372381.0,710,Salaried,1,24,1,1
59,631365.0,501433.0,484,Self-Employed,1,12,1,1
32,185479.0,62480.0,794,Business,1,36,0,0
33,661824.0,908338.0,593,Salaried,2,36,2,1
64,912970.0,533825.0,853,Self-Employed,2,36,0,0
64,941401.0,492638.0,756,Salaried,1,36,1,0
50,501827.0,110219.0,684,Salaried,1,48,2,0
63,663469.0,586458.0,323,Self-Employed,0,24,0,1
46,734573.0,294097.0,841,Salaried,0,24,0,0
47,581786.0,84497.0,632,Business,1,36,0,0
59,867800.0,478550.0,761,Salaried,2,36,0,0
34,555401.0,248958.0,834,Salaried,1,36,0,0
28,894414.0,337500.0,631,Self-Employed,0,24,0,0
26,1224674.0,238213.0,852,Business,2,60,0,0
39,359700.0,655275.0,403,Business,3,48,0,1
36,896600.0,75678.0,870,Business,1,60,0,0
27,927552.0,365031.0,587,Business,0,12,1,0
62,718411.0,501276.0,445,Self-Employed,1,36,3,0
32,744815.0,463386.0,798,Self-Employed,0,36,0,0
60,720166.0,550534.0,765,Salaried,0,12,1,0
51,535331.0,451369.0,714,Salaried,0,60,0,1
52,857578.0,278167.0,599,Salaried,2,48,0,0
47,1243582.0,196777.0,407,Salaried,0,12,1,1
35,566021.0,344835.0,343,Salaried,0,12,1,0
60,251614.0,50000.0,354,Salaried,2,12,1,1
48,467593.0,433975.0,440,Salaried,0,60,1,1
58,620905.0,143034.0,567,Salaried,1,36,1,0
42,386647.0,379303.0,773,Self-Employed,1,24,1,1
55,643176.0,438789.0,668,Salaried,1,12,0,1
23,620749.0,178611.0,471,Salaried,3,48,1,1
32,307043.0,671275.0,405,Salaried,4,60,1,1
24,366713.0,536630.0,685,Salaried,0,36,0,1
61,462294.0,569029.0,320,Salaried,1,12,0,1
45,150000.0,312373.0,889,Business,1,48,0,0
40,1087407.0,214498.0,707,Salaried,2,36,0,0
52,599089.0,334967.0,432,Salaried,2,60,4,1
30,291167.0,70212.0,344,Salaried,0,60,0,0
59,483067.0,336802.0,331,Salaried,0,36,0,1
59,683295.0,73936.0,741,Self-Employed,0,12,0,0
59,786006.0,501432.0,779,Business,1,60,0,0
57,451387.0,794860.0,350,Salaried,0,36,0,1
37,496634.0,550474.0,519,Salaried,2,60,0,1
35,238746.0,530932.0,714,Salaried,0,36,1,1
55,341408.0,219189.0,754,Self-Employed,0,24,0,0
63,782350.0,210860.0,465,Salaried,1,36,2,0
51,681449.0,401764.0,482,Salaried,1,12,0,0
58,583629.0,431449.0,823,Salaried,3,48,0,1
38,762556.0,402728.0,501,Business,1,36,1,0
59,474129.0,732873.0,656,Self-Employed,0,60,0,1
38,625897.0,339813.0,551,Salaried,0,48,1,0
28,789740.0,158050.0,840,Salaried,3,12,0,0
26,1071338.0,273788.0,486,Salaried,1,12,0,0
29,1175303.0,609314.0,409,Salaried,0,48,2,1
29,376927.0,708405.0,616,Business,0,60,0,1
44,219917.0,335807.0,379,Business,0,36,2,1
56,767703.0,573414.0,648,Salaried,2,12,1,0
32,469871.0,353807.0,620,Salaried,3,60,1,0
25,1068824.0,380996.0,854,Self-Employed,0,60,0,1
41,479164.0,586187.0,790,Salaried,0,48,0,1
44,650108.0,381426.0,426,Salaried,0,24,0,0
58,500052.0,247331.0,375,Self-Employed,0,12,0,0
50,388948.0,499646.0,746,Self-Employed,1,24,0,1
46,971455.0,535989.0,439,Salaried,2,60,0,0
56,607194.0,706790.0,517,Salaried,1,60,0,1
48,456479.0,562099.0,640,Self-Employed,4,24,1,1
47,898923.0,393525.0,450,Self-Employed,0,24,0,0
40,682584.0,165066.0,570,Self-Employed,2,48,0,0
42,278995.0,562131.0,555,Salaried,1,24,1,1
54,949663.0,425786.0,329,Salaried,1,12,2,0
32,1021139.0,255894.0,808,Salaried,1,36,1,0
34,1048357.0,468340.0,370,Salaried,0,60,1,1
63,928724.0,362743.0,877,Self-Employed,0,48,0,0
54,627130.0,420463.0,302,Self-Employed,0,12,0,0
50,876199.0,444382.0,800,Self-Employed,1,12,0,0
55,728715.0,395394.0,868,Business,3,36,1,0
53,484801.0,514322.0,610,Salaried,0,12,0,1
35,738616.0,448659.0,760,Self-Employed,0,24,0,0
31,718764.0,321697.0,815,Business,2,48,1,0
51,1098633.0,494448.0,518,Business,0,24,0,0
44,685803.0,62187.0,554,Salaried,1,60,1,0
49,340142.0,277130.0,592,Salaried,2,12,1,1
25,756853.0,614807.0,450,Business,0,24,0,1
52,307601.0,390461.0,893,Self-Employed,1,24,1,0
33,508527.0,276598.0,899,Salaried,3,36,2,1
61,819040.0,291104.0,869,Self-Employed,1,48,0,0
58,1144124.0,409040.0,629,Salaried,0,12,2,0
59,412773.0,528033.0,660,Salaried,2,36,1,1
56,751403.0,465543.0,727,Business,1,36,0,0
49,570705.0,295367.0,366,Self-Employed,0,12,0,0
46,1219454.0,376682.0,821,Self-Employed,0,12,0,0
45,637531.0,509994.0,550,Self-Employed,2,48,0,1
64,621784.0,314657.0,301,Salaried,0,24,2,0
59,753935.0,227138.0,762,Salaried,2,12,2,0
38,765775.0,589451.0,822,Self-Employed,1,12,1,0
62,500180.0,794464.0,518,Salaried,1,60,1,1
35,502641.0,50000.0,581,Salaried,2,24,0,0
28,468098.0,780642.0,764,Self-Employed,3,24,0,1
29,695758.0,654051.0,712,Salaried,1,60,0,0
25,547404.0,524364.0,672,Salaried,1,36,2,0
64,619060.0,368637.0,601,Salaried,1,48,0,0
62,856044.0,652722.0,600,Self-Employed,1,36,0,0
42,749042.0,623688.0,685,Salaried,0,60,2,1
64,997647.0,469730.0,391,Self-Employed,3,24,0,0
48,815510.0,572115.0,612,Salaried,0,36,0,0
28,958882.0,314591.0,480,Salaried,0,48,0,0
45,590010.0,469487.0,464,Business,0,48,2,1
52,842189.0,383120.0,681,Business,0,48,0,0
60,752174.0,712238.0,333,Salaried,1,48,0,1
63,566542.0,494748.0,336,Salaried,0,24,1,1
43,926749.0,657817.0,856,Business,2,12,0,0
32,550981.0,357705.0,541,Business,1,60,1,0
57,899062.0,50000.0,852,Salaried,1,60,0,0
62,755502.0,396587.0,754,Salaried,2,48,0,0
28,1281084.0,544805.0,314,Self-Employed,1,48,2,1
29,670748.0,353473.0,457,Business,1,36,4,0
27,703207.0,465040.0,553,Self-Employed,0,60,1,0
28,663184.0,98260.0,784,Salaried,2,36,0,0
25,1040882.0,226718.0,565,Salaried,5,48,0,1
59,1038605.0,554261.0,395,Salaried,0,60,0,0
64,537305.0,50000.0,472,Business,0,12,2,0
39,549476.0,50000.0,734,Salaried,1,48,0,0
46,554221.0,274647.0,838,Self-Employed,1,12,0,0
21,939307.0,244884.0,701,Salaried,1,60,1,0
32,914244.0,665251.0,712,Salaried,2,24,0,0
39,1022740.0,612876.0,520,Salaried,1,12,2,0
30,703373.0,655083.0,643,Business,0,24,0,1
52,618946.0,523059.0,547,Salaried,2,12,1,1
34,665194.0,229731.0,600,Salaried,0,48,0,0
50,451897.0,376104.0,390,Business,2,24,1,1
41,603245.0,544414.0,769,Salaried,2,48,1,1
39,432474.0,70465.0,876,Self-Employed,1,12,0,0
42,787843.0,733899.0,449,Salaried,0,12,3,1
54,629201.0,125355.0,829,Self-Employed,1,24,0,0
21,678337.0,566302.0,800,Self-Employed,0,48,0,1
25,426460.0,208607.0,767,Business,2,36,1,1
61,666657.0,370034.0,416,Salaried,2,48,0,0
43,619071.0,352449.0,522,Salaried,2,60,0,0
36,1078581.0,294138.0,487,Salaried,0,60,0,0
58,404754.0,382246.0,756,Self-Employed,1,60,1,0
52,419696.0,50000.0,880,Self-Employed,1,48,0,0
58,636843.0,808697.0,440,Business,1,12,1,1
38,437241.0,383363.0,680,Self-Employed,0,48,2,0
26,563617.0,658707.0,838,Business,2,36,1,1
33,462956.0,688126.0,801,Salaried,0,12,1,1
63,573555.0,373210.0,382,Salaried,0,60,0,0
41,383313.0,508638.0,775,Self-Employed,0,48,0,1
53,452539.0,238346.0,616,Self-Employed,2,60,0,0
58,1105957.0,50000.0,709,Self-Employed,1,24,1,0
61,1306242.0,505954.0,630,Business,2,24,0,0
54,879800.0,381995.0,808,Salaried,0,60,0,0
60,492788.0,386501.0,673,Salaried,0,48,0,1
31,530777.0,419706.0,707,Salaried,2,36,0,0
35,933894.0,404780.0,548,Salaried,0,24,0,0
21,845345.0,409789.0,573,Self-Employed,0,60,0,1
58,222585.0,271132.0,648,Self-Employed,0,48,0,1
27,606600.0,400484.0,440,Salaried,1,24,1,0
58,631792.0,647160.0,765,Salaried,0,60,0,1
54,632871.0,396546.0,585,Business,1,60,0,0
27,362644.0,564863.0,486,Self-Employed,0,48,0,1
50,491107.0,338601.0,468,Salaried,0,24,1,0
52,740173.0,581852.0,553,Self-Employed,2,48,0,0
27,357342.0,634131.0,526,Salaried,1,48,1,1
63,599426.0,222052.0,443,Self-Employed,1,24,0,0
24,487451.0,722730.0,308,Self-Employed,1,12,1,1
31,740443.0,312492.0,841,Salaried,0,48,0,0
55,1212666.0,485095.0,465,Salaried,0,24,0,0
28,404303.0,419563.0,307,Self-Employed,2,36,0,1
52,488321.0,96435.0,352,Salaried,3,24,0,0
52,780345.0,76211.0,362,Salaried,0,60,0,1
25,369414.0,79721.0,682,Self-Employed,0,24,1,0
58,380847.0,430008.0,899,Salaried,3,48,0,1
45,250529.0,159719.0,309,Self-Employed,0,12,0,0
43,381458.0,418367.0,326,Salaried,1,48,1,1
46,650619.0,50000.0,660,Business,1,12,1,0
43,676993.0,238524.0,327,Salaried,0,60,2,0
42,1019107.0,85705.0,476,Salaried,1,36,0,0
53,390468.0,102936.0,736,Self-Employed,0,60,0,0
27,557344.0,492401.0,333,Salaried,1,12,0,0
36,1195277.0,668219.0,842,Salaried,0,12,0,0
50,881043.0,446934.0,632,Salaried,0,48,0,0
29,715630.0,587858.0,546,Salaried,4,60,0,1
48,759989.0,323397.0,815,Salaried,1,24,0,0
40,565342.0,590931.0,675,Self-Employed,0,36,1,0
53,282603.0,95501.0,440,Self-Employed,0,36,1,0
31,319218.0,144256.0,586,Salaried,1,36,2,0
63,261415.0,483313.0,831,Salaried,1,60,0,0
35,674302.0,482959.0,524,Business,2,48,1,0
35,467909.0,357564.0,851,Salaried,2,48,2,0
53,924832.0,664536.0,520,Salaried,1,12,2,0
32,834654.0,640210.0,383,Business,0,12,1,0
24,647632.0,408525.0,313,Business,1,48,2,1
34,604537.0,248408.0,323,Business,0,24,3,0
26,601639.0,105842.0,636,Self-Employed,1,60,0,1
23,704287.0,81841.0,623,Business,2,36,0,0
49,1055766.0,489858.0,627,Self-Employed,3,24,2,0
57,959877.0,328358.0,811,Salaried,0,24,0,0
62,547085.0,217706.0,834,Salaried,1,24,1,0
22,276152.0,200346.0,747,Salaried,0,24,0,0
21,773694.0,541437.0,375,Salaried,4,12,1,0
28,841871.0,50000.0,739,Self-Employed,2,36,0,0
27,1042814.0,240681.0,683,Salaried,0,36,1,0
37,638894.0,746915.0,633,Salaried,0,60,2,1
36,631936.0,427176.0,677,Salaried,1,12,0,0
52,525066.0,149876.0,329,Salaried,1,12,1,1
39,779467.0,338914.0,668,Salaried,2,12,0,0
57,809122.0,189170.0,320,Salaried,3,60,1,0
53,656595.0,337063.0,506,Business,1,24,3,1
45,874235.0,543736.0,486,Salaried,0,48,0,0
23,617920.0,147640.0,514,Salaried,0,12,1,0
64,690146.0,468638.0,613,Self-Employed,3,48,2,0
57,574434.0,361682.0,750,Self-Employed,1,60,2,0
56,525382.0,615928.0,894,Self-Employed,2,60,0,1
61,512183.0,320446.0,434,Salaried,0,60,2,0
48,595818.0,386028.0,797,Salaried,1,60,1,0
61,621618.0,518136.0,880,Salaried,1,12,3,1
22,854963.0,72672.0,587,Self-Employed,1,60,0,0
39,546815.0,301443.0,864,Business,1,36,0,0
31,762869.0,720688.0,318,Self-Employed,1,36,0,1
23,902728.0,326331.0,695,Self-Employed,1,24,0,0
29,506732.0,266879.0,890,Business,2,24,0,0
62,403807.0,329629.0,465,Salaried,0,60,0,0
23,252552.0,260173.0,536,Salaried,2,12,0,1
59,742956.0,548944.0,523,Business,1,60,2,0
24,439839.0,310930.0,837,Business,1,36,1,0
28,767840.0,185248.0,315,Salaried,1,24,0,0
24,983339.0,460111.0,863,Salaried,1,24,0,0
52,672248.0,207625.0,579,Business,1,48,2,0
55,493467.0,764333.0,638,Self-Employed,1,36,0,0
26,834020.0,424932.0,778,Business,0,60,0,0
57,884850.0,296480.0,804,Self-Employed,0,60,0,0
64,617657.0,380945.0,686,Salaried,0,60,1,0
56,412837.0,535274.0,829,Self-Employed,0,36,0,0
64,1008056.0,224970.0,347,Business,0,48,0,0
61,630216.0,473626.0,419,Salaried,1,48,1,0
49,643464.0,280027.0,762,Salaried,1,60,1,0
34,465305.0,253045.0,407,Business,0,36,0,0
51,584342.0,636851.0,610,Salaried,1,48,2,0
36,310853.0,376240.0,420,Salaried,3,60,1,1
33,461965.0,488663.0,344,Salaried,5,36,2,1
54,824754.0,781117.0,555,Business,2,60,0,1
49,310998.0,50000.0,513,Salaried,0,48,1,0
39,913876.0,271078.0,646,Business,0,60,0,0
52,583542.0,483177.0,399,Business,1,36,1,1
50,621438.0,568872.0,848,Self-Employed,1,24,2,1
26,266850.0,502931.0,395,Salaried,2,48,0,0
37,150000.0,459626.0,491,Self-Employed,1,12,0,1
33,422991.0,572715.0,335,Salaried,1,48,1,1
60,617094.0,562254.0,360,Self-Employed,0,48,1,1
26,706454.0,613766.0,744,Self-Employed,0,12,0,1
56,427722.0,72209.0,678,Self-Employed,0,36,0,0
55,783951.0,668804.0,835,Self-Employed,0,60,1,1
59,803064.0,572116.0,372,Salaried,0,24,0,0
26,480224.0,636591.0,370,Self-Employed,3,24,0,1
40,324871.0,508789.0,348,Self-Employed,3,12,2,1
31,425019.0,385977.0,524,Salaried,1,60,1,1
51,698030.0,452130.0,307,Business,0,48,1,0
31,546166.0,247651.0,817,Self-Employed,1,48,0,0
63,800728.0,271390.0,410,Salaried,1,24,0,0
52,946904.0,468080.0,819,Salaried,3,48,0,0
31,1176156.0,283550.0,566,Self-Employed,2,24,0,0
56,414874.0,376487.0,850,Self-Employed,0,24,0,0
45,501041.0,351839.0,460,Salaried,1,48,0,0
46,469132.0,50000.0,538,Salaried,1,60,0,0
39,860500.0,334773.0,650,Salaried,2,36,0,0
29,391169.0,82603.0,316,Salaried,1,36,0,0
37,879036.0,402714.0,802,Salaried,0,60,0,0
51,524894.0,261974.0,608,Business,1,60,2,1
43,865505.0,577718.0,666,Self-Employed,1,48,0,0
43,617353.0,534104.0,455,Salaried,0,36,1,1
48,860238.0,363979.0,641,Salaried,1,12,0,0
39,793223.0,319697.0,459,Salaried,0,60,0,0
43,438376.0,293369.0,847,Salaried,1,48,3,0
22,283832.0,50000.0,839,Self-Employed,2,24,0,0
27,614341.0,244620.0,727,Self-Employed,0,48,1,0
37,733532.0,311028.0,406,Salaried,0,24,1,0
64,992267.0,260509.0,799,Salaried,0,24,1,0
47,885988.0,636423.0,407,Salaried,0,48,3,0
22,377716.0,521182.0,338,Salaried,1,24,3,1
62,711113.0,106757.0,344,Self-Employed,1,60,1,0
55,188987.0,363390.0,356,Salaried,3,12,0,1
36,493601.0,447929.0,651,Salaried,0,48,1,1
53,480589.0,532034.0,497,Self-Employed,1,48,1,0
44,512765.0,212573.0,510,Salaried,0,24,1,1
24,679434.0,179861.0,473,Self-Employed,0,60,0,1
61,585510.0,419010.0,319,Self-Employed,0,36,0,1
32,192417.0,679991.0,726,Business,1,36,0,1
38,599754.0,388186.0,386,Salaried,1,24,0,0
21,542185.0,446785.0,807,Self-Employed,0,24,1,1
48,582853.0,535200.0,890,Business,0,12,0,0
49,622000.0,412471.0,676,Business,2,24,0,0
27,712001.0,565939.0,845,Business,1,12,0,0
56,607399.0,75174.0,607,Salaried,1,36,1,1
59,462484.0,367455.0,519,Business,1,60,1,0
52,1052261.0,241070.0,861,Salaried,0,12,0,0
38,587777.0,223544.0,825,Salaried,2,48,0,0
56,1109181.0,91594.0,861,Self-Employed,0,36,1,0
23,772659.0,352253.0,544,Business,2,24,1,0
31,766851.0,421641.0,577,Self-Employed,3,36,0,1
56,581308.0,603306.0,727,Salaried,1,12,1,1
33,883931.0,361396.0,718,Salaried,2,36,1,0
24,745758.0,171816.0,690,Business,1,36,0,0
49,350361.0,477076.0,701,Salaried,3,48,1,1
31,735939.0,204106.0,318,Salaried,0,24,0,0
51,345115.0,137622.0,692,Salaried,2,60,1,0
33,1061713.0,508125.0,777,Salaried,1,60,2,0
28,782634.0,406994.0,654,Salaried,0,12,1,0
36,429619.0,334607.0,579,Business,0,24,0,0
43,919624.0,366193.0,346,Salaried,1,12,0,0
36,384502.0,523930.0,571,Business,1,60,0,1
37,335803.0,248704.0,752,Salaried,0,60,0,0
25,263210.0,50000.0,438,Business,1,36,1,1
45,692903.0,547024.0,512,Salaried,0,36,1,0
37,897882.0,555716.0,304,Salaried,0,48,0,0
63,1076025.0,359608.0,408,Salaried,0,12,2,0
48,1094463.0,749878.0,681,Salaried,1,60,2,0
51,807659.0,50000.0,352,Salaried,2,48,0,1
61,857133.0,265489.0,545,Salaried,1,12,0,0
33,477418.0,89176.0,777,Self-Employed,4,60,2,0
28,916098.0,330574.0,510,Business,0,24,0,0
36,1136384.0,483918.0,453,Salaried,1,48,0,0
33,832969.0,217177.0,529,Business,1,12,1,1
38,553277.0,522111.0,530,Salaried,1,60,4,1
51,662031.0,318370.0,404,Salaried,1,12,3,1
47,902076.0,405228.0,302,Salaried,1,48,0,0
55,608700.0,502944.0,525,Salaried,1,36,0,1
35,568027.0,701879.0,419,Self-Employed,0,48,0,1
45,380766.0,357335.0,812,Salaried,2,48,0,1
24,817163.0,538649.0,350,Self-Employed,3,48,0,1
38,1032095.0,339059.0,433,Business,1,12,0,0
37,988915.0,50000.0,347,Salaried,0,48,0,0
45,1264650.0,61436.0,884,Salaried,0,36,0,0
34,899622.0,450885.0,418,Business,1,60,0,0
51,150000.0,443710.0,563,Salaried,0,48,2,1
23,975939.0,414735.0,896,Salaried,2,48,0,0
21,150000.0,975491.0,591,Salaried,1,36,0,1
23,583252.0,245097.0,728,Salaried,2,12,0,0
63,767356.0,369043.0,882,Self-Employed,0,24,1,0
21,150000.0,542133.0,379,Salaried,1,12,1,1
64,395738.0,483815.0,813,Salaried,0,48,0,1
31,709453.0,602244.0,674,Business,0,48,0,1
41,742449.0,128562.0,546,Salaried,2,36,0,0
22,784478.0,294944.0,434,Self-Employed,1,48,0,0
63,722037.0,215962.0,331,Salaried,1,48,0,1
50,446828.0,137948.0,336,Salaried,0,36,0,0
43,1140457.0,334210.0,678,Salaried,1,36,0,0
41,919494.0,134191.0,344,Salaried,1,12,1,1
33,894450.0,273890.0,300,Business,2,60,1,1
23,735021.0,655682.0,593,Salaried,0,48,0,1
29,667803.0,655245.0,511,Self-Employed,2,12,3,1
57,644793.0,675888.0,693,Self-Employed,1,48,1,1
59,480482.0,324614.0,326,Business,0,12,1,1
47,276748.0,458894.0,549,Salaried,5,36,0,1
53,374847.0,372880.0,846,Salaried,0,60,1,0
21,480123.0,585580.0,655,Self-Employed,0,24,0,1
25,950325.0,50000.0,392,Business,1,24,0,0
49,777125.0,479154.0,524,Self-Employed,0,36,0,1
28,353084.0,50000.0,513,Salaried,0,12,0,0
48,672022.0,406848.0,479,Business,1,12,0,0
38,598137.0,332672.0,430,Salaried,2,24,1,0
32,739602.0,381862.0,756,Business,1,24,0,0
63,885934.0,50000.0,767,Self-Employed,0,24,0,0
50,757925.0,383638.0,617,Self-Employed,0,60,0,0
50,579734.0,482872.0,676,Salaried,2,12,2,1
38,1123169.0,305282.0,338,Salaried,0,36,0,0
52,898900.0,193815.0,698,Self-Employed,0,24,1,0
33,494172.0,60706.0,691,Salaried,1,48,0,0
31,732567.0,597322.0,388,Salaried,1,60,1,1
22,595076.0,433459.0,704,Salaried,3,36,0,0
60,543439.0,563786.0,385,Salaried,2,48,0,1
23,293979.0,444771.0,691,Salaried,1,36,0,0
36,706109.0,508430.0,381,Self-Employed,1,24,0,0
59,924633.0,204343.0,353,Salaried,0,24,0,0
48,932489.0,295519.0,870,Salaried,5,24,1,0
26,741954.0,530653.0,674,Business,2,48,0,1
33,546410.0,895350.0,749,Salaried,1,48,2,1
55,560417.0,260566.0,744,Self-Employed,2,48,0,0
51,589757.0,349775.0,737,Business,1,12,1,0
49,601802.0,82486.0,322,Salaried,1,24,0,1
40,635217.0,622492.0,853,Salaried,1,24,0,0
22,422764.0,625186.0,401,Salaried,1,36,0,1
45,448477.0,933624.0,820,Salaried,0,48,2,1
51,467062.0,691691.0,655,Business,1,48,0,0
45,375469.0,534990.0,860,Salaried,0,24,0,0
47,340437.0,628005.0,560,Self-Employed,1,24,1,1
64,536385.0,50000.0,478,Self-Employed,0,36,0,0
38,229035.0,320604.0,674,Self-Employed,0,24,0,1
39,360418.0,741383.0,573,Self-Employed,2,60,1,1
21,444998.0,444755.0,893,Salaried,0,12,0,0
27,966789.0,475400.0,375,Self-Employed,1,48,0,1
25,791960.0,228568.0,640,Self-Employed,1,48,1,0
45,240048.0,775694.0,543,Salaried,3,36,0,0
24,216208.0,420151.0,897,Salaried,0,48,1,0
52,526460.0,411164.0,327,Salaried,1,24,2,0
62,634418.0,213393.0,541,Salaried,1,60,2,0
36,821273.0,783113.0,753,Salaried,2,48,1,1
27,840895.0,472623.0,536,Self-Employed,3,12,0,0
27,810335.0,407591.0,335,Salaried,3,48,3,1
25,316640.0,769533.0,837,Salaried,0,12,2,1
27,889649.0,403793.0,397,Self-Employed,1,36,0,1
26,734695.0,363358.0,827,Salaried,1,60,1,0
51,693032.0,409479.0,739,Self-Employed,0,60,1,0
49,610718.0,607553.0,574,Self-Employed,1,36,1,0
40,1171794.0,458463.0,688,Salaried,0,48,1,0
60,428253.0,648836.0,317,Business,1,24,1,1
25,270284.0,695118.0,313,Business,1,24,1,1
40,537482.0,193136.0,461,Self-Employed,1,60,1,1
25,675357.0,199505.0,842,Salaried,2,12,1,0
42,331837.0,460165.0,433,Self-Employed,1,36,0,1
50,467443.0,73372.0,522,Self-Employed,0,60,2,0
26,359921.0,504124.0,527,Salaried,3,48,0,0
50,1377453.0,301660.0,551,Business,2,24,1,0
54,758444.0,430973.0,306,Business,2,36,1,0
59,748191.0,96261.0,711,Salaried,2,36,0,0
23,150000.0,208409.0,355,Self-Employed,3,48,0,1
47,186443.0,319818.0,363,Business,1,48,0,0
25,879679.0,430265.0,445,Self-Employed,0,12,1,0
56,713744.0,470375.0,427,Salaried,1,60,1,1
59,523372.0,417218.0,446,Business,2,60,1,1
35,187519.0,602696.0,310,Salaried,0,24,0,1
25,677525.0,50000.0,713,Salaried,2,24,0,0
30,624770.0,435365.0,555,Business,3,36,2,1
52,707939.0,263510.0,898,Self-Employed,1,12,0,0
63,791949.0,266771.0,743,Salaried,0,36,0,0
33,370046.0,395291.0,613,Business,3,24,0,0
42,871321.0,387880.0,389,Salaried,4,24,1,0
38,184094.0,309906.0,657,Business,2,48,0,1
55,801077.0,498038.0,389,Salaried,0,24,0,0
38,565136.0,356199.0,886,Business,1,48,1,0
53,456142.0,347300.0,666,Salaried,2,36,1,0
41,367876.0,480090.0,573,Business,1,60,1,1
56,826775.0,188503.0,739,Business,4,24,1,0
40,640582.0,419126.0,685,Salaried,2,36,0,0
48,965714.0,760182.0,314,Salaried,2,48,1,1
44,440168.0,397469.0,509,Salaried,2,48,0,1
42,871104.0,215949.0,612,Self-Employed,0,24,1,0
64,934837.0,256038.0,572,Salaried,0,48,0,0
37,475461.0,520181.0,422,Business,1,24,0,1
37,637182.0,688340.0,507,Self-Employed,1,48,1,0
64,486481.0,117024.0,315,Salaried,1,48,0,0
53,624549.0,710586.0,609,Salaried,1,48,1,1
32,451939.0,279556.0,568,Business,1,12,0,0
60,538058.0,269072.0,874,Business,0,48,1,0
42,597607.0,130639.0,407,Business,0,12,0,0
42,815628.0,631428.0,700,Business,2,12,1,0
37,857800.0,133406.0,311,Business,0,36,1,1
57,931025.0,585912.0,726,Business,0,36,0,0
59,547481.0,234897.0,509,Salaried,3,36,0,1
36,380817.0,412509.0,660,Salaried,2,60,0,1
57,605362.0,145815.0,424,Salaried,0,60,1,1
35,428133.0,480807.0,661,Salaried,0,60,1,1
61,629200.0,65948.0,774,Self-Employed,2,12,1,0
42,769047.0,615249.0,542,Salaried,0,36,2,1
49,548583.0,480503.0,747,Salaried,0,48,0,0
36,715748.0,588705.0,720,Salaried,0,12,0,1
21,527026.0,537848.0,878,Salaried,0,12,0,0
55,767268.0,492492.0,592,Business,0,60,1,0
60,873642.0,186009.0,860,Salaried,0,48,0,0
30,667829.0,530138.0,681,Self-Employed,1,48,0,0
56,662004.0,538552.0,309,Salaried,2,12,0,1
24,618800.0,621527.0,602,Salaried,0,60,2,0
32,150000.0,587319.0,742,Salaried,0,24,1,0
25,382567.0,170559.0,597,Salaried,1,24,0,0
55,837282.0,481732.0,727,Business,0,60,0,0
53,431631.0,572177.0,779,Salaried,0,12,1,1
24,682748.0,575160.0,503,Business,1,36,0,1
56,577019.0,246058.0,553,Salaried,0,48,2,0
53,325297.0,196104.0,677,Self-Employed,0,12,1,0
39,771019.0,242045.0,580,Salaried,2,24,2,0
55,864224.0,370348.0,301,Salaried,0,60,1,0
60,431372.0,584251.0,470,Salaried,0,12,0,1
21,627940.0,345497.0,415,Salaried,0,48,0,0
27,746525.0,457174.0,481,Business,4,48,0,0
60,579502.0,588327.0,549,Business,2,24,2,1
53,586815.0,558236.0,648,Salaried,1,36,0,1
39,743382.0,365099.0,325,Self-Employed,1,12,0,0
32,690423.0,164724.0,526,Salaried,2,48,0,1
34,610681.0,632561.0,808,Salaried,0,12,0,0
26,587589.0,272234.0,872,Self-Employed,2,60,0,1
34,675570.0,527459.0,625,Salaried,0,60,1,0
51,831112.0,241513.0,720,Salaried,3,48,2,0
53,1037511.0,387666.0,585,Self-Employed,3,24,0,0
34,550244.0,721314.0,535,Business,1,12,0,1
37,448870.0,615841.0,783,Business,1,24,0,0
38,820753.0,554369.0,324,Salaried,0,12,0,0
45,633521.0,389781.0,463,Self-Employed,1,36,0,0
42,799602.0,71929.0,688,Salaried,1,60,0,0
24,1155488.0,293279.0,684,Self-Employed,0,36,0,0
21,701636.0,294817.0,845,Business,0,60,1,0
55,500014.0,255379.0,638,Salaried,0,48,0,0
62,894690.0,774457.0,583,Salaried,1,12,0,1
56,574165.0,438401.0,772,Salaried,3,60,2,1
27,496351.0,241361.0,449,Salaried,0,24,1,0
52,302561.0,164106.0,625,Salaried,3,24,1,0
23,854654.0,349270.0,543,Self-Employed,2,48,0,0
45,379941.0,592749.0,828,Salaried,2,36,1,0
38,761406.0,289291.0,769,Business,2,36,1,0
47,540180.0,521828.0,369,Business,1,36,0,1
26,586557.0,371345.0,656,Salaried,1,60,0,0
27,1180026.0,362327.0,700,Salaried,0,48,0,0
22,816151.0,544867.0,802,Salaried,0,12,0,1
50,647481.0,460496.0,429,Self-Employed,1,12,0,0
30,348261.0,50000.0,550,Business,0,48,2,0
50,150000.0,468983.0,474,Self-Employed,1,36,0,1
40,786630.0,398297.0,408,Self-Employed,1,36,0,0
57,359487.0,358999.0,560,Business,2,60,0,0
40,553402.0,545223.0,481,Business,2,60,0,1
36,486364.0,662813.0,780,Salaried,1,12,0,1
56,505150.0,338181.0,735,Salaried,0,12,2,0
58,807065.0,372309.0,889,Self-Employed,3,24,0,1
28,651810.0,403772.0,582,Salaried,0,36,0,0
37,847882.0,491864.0,815,Self-Employed,0,48,0,0
42,884967.0,247341.0,543,Business,1,48,0,0
49,402124.0,449802.0,387,Business,3,48,0,1
54,428619.0,395355.0,792,Salaried,2,48,1,1
47,893630.0,329926.0,751,Business,2,48,0,0
60,819629.0,394341.0,477,Salaried,0,48,1,0
34,618149.0,527170.0,404,Salaried,1,48,0,1
60,554267.0,209311.0,559,Salaried,1,60,2,0
28,815636.0,670818.0,373,Salaried,0,36,1,1
51,754665.0,680095.0,461,Self-Employed,1,60,1,1
59,472535.0,86915.0,432,Salaried,2,48,1,0
36,728638.0,292643.0,390,Salaried,1,24,0,1
54,1025906.0,220655.0,745,Salaried,1,36,1,0
56,586993.0,50000.0,674,Salaried,1,24,1,0
58,220787.0,601013.0,376,Salaried,2,36,0,1
50,150000.0,219080.0,808,Salaried,0,48,1,1
21,150000.0,523964.0,440,Business,0,24,2,1
23,693643.0,757810.0,527,Salaried,0,36,1,1
24,321338.0,723685.0,731,Business,0,12,0,1
61,717176.0,502521.0,514,Business,1,12,0,0
60,833020.0,178034.0,434,Salaried,1,60,0,0
45,664838.0,242551.0,351,Self-Employed,1,12,0,0
52,943337.0,519134.0,353,Salaried,0,12,0,1
62,689019.0,545309.0,849,Self-Employed,1,60,2,0
38,328105.0,567018.0,594,Salaried,0,48,0,1
42,1007741.0,548622.0,399,Salaried,0,48,0,1
63,846761.0,410060.0,545,Salaried,0,12,0,0
40,333302.0,743225.0,572,Self-Employed,1,48,1,1
27,1009861.0,184920.0,627,Salaried,2,36,0,0
50,1296291.0,515166.0,529,Business,1,24,0,0
35,559901.0,50000.0,638,Self-Employed,2,60,0,0
34,829443.0,125557.0,352,Salaried,0,24,0,0
31,716594.0,638610.0,533,Self-Employed,1,36,3,1
48,927078.0,667935.0,572,Self-Employed,1,12,1,0
36,986425.0,281843.0,669,Self-Employed,0,12,1,0
49,415407.0,428812.0,487,Salaried,2,60,1,1
49,348931.0,344477.0,792,Self-Employed,0,60,0,1
48,1006901.0,276633.0,453,Salaried,2,24,0,0
35,751463.0,50000.0,578,Salaried,0,60,0,0
23,354498.0,554555.0,469,Salaried,0,12,0,0
63,727157.0,381679.0,735,Business,1,48,0,0
44,150000.0,601895.0,497,Salaried,1,12,0,0
47,481004.0,276414.0,415,Salaried,2,60,0,0
54,793930.0,287325.0,612,Salaried,0,24,0,0
37,371694.0,88684.0,678,Salaried,0,36,0,0
57,513306.0,663961.0,440,Salaried,2,36,0,0
21,673483.0,541164.0,395,Salaried,2,48,3,1
21,549827.0,359354.0,490,Business,0,36,1,1
49,986078.0,257728.0,777,Business,1,36,1,0
63,779409.0,496148.0,354,Salaried,3,24,0,1
64,227648.0,156236.0,684,Self-Employed,0,24,0,0
42,582658.0,503441.0,581,Salaried,0,36,0,1
34,538004.0,427995.0,685,Salaried,2,60,1,0
23,781441.0,440502.0,752,Business,0,60,0,0
44,561609.0,604783.0,593,Salaried,0,12,2,1
22,878270.0,569318.0,492,Self-Employed,1,48,0,1
43,919888.0,202122.0,407,Self-Employed,1,48,0,0
52,819130.0,276219.0,844,Self-Employed,0,36,1,0
58,720086.0,403079.0,899,Self-Employed,0,24,0,0
50,462825.0,193719.0,394,Salaried,3,48,1,0
54,615272.0,395803.0,434,Salaried,2,12,2,0
43,1072269.0,443587.0,465,Salaried,0,48,2,0
38,636531.0,725461.0,844,Salaried,2,60,0,0
50,444237.0,149266.0,790,Self-Employed,3,36,3,0
25,372806.0,391833.0,878,Self-Employed,0,24,0,1
32,738864.0,522931.0,563,Salaried,1,12,0,0
28,549883.0,357295.0,833,Self-Employed,0,36,0,0
22,1126434.0,408090.0,657,Salaried,2,12,0,0
22,454280.0,208046.0,394,Salaried,1,60,1,1
56,808247.0,361666.0,825,Salaried,2,48,2,0
62,920504.0,350420.0,300,Salaried,2,48,0,1
52,628475.0,205220.0,484,Salaried,0,36,0,0
49,629724.0,487306.0,663,Self-Employed,0,36,2,1
32,464820.0,269380.0,546,Business,0,24,1,0
62,544952.0,494116.0,741,Salaried,0,60,1,1
64,374402.0,427338.0,732,Salaried,2,12,0,0
21,510842.0,512300.0,416,Salaried,0,24,1,1
64,288618.0,558742.0,428,Salaried,1,24,0,0
56,746346.0,387981.0,478,Self-Employed,3,36,1,1
55,453627.0,579961.0,610,Self-Employed,1,48,1,1
55,637293.0,532992.0,835,Salaried,1,36,0,1
42,893589.0,577084.0,686,Self-Employed,1,12,0,0
57,1021284.0,376395.0,682,Self-Employed,7,48,0,0
62,795387.0,251859.0,790,Business,0,60,0,0
28,500796.0,516002.0,498,Salaried,1,36,0,0
64,492995.0,346262.0,353,Salaried,1,36,2,1
57,454011.0,50000.0,632,Salaried,1,12,0,1
63,744470.0,509441.0,706,Self-Employed,3,12,0,0
40,1094070.0,487814.0,534,Salaried,5,24,1,0
43,954055.0,256893.0,877,Salaried,2,60,1,0
22,633308.0,514399.0,316,Salaried,1,24,1,1
33,599735.0,314545.0,750,Business,0,12,2,0
41,758937.0,258177.0,814,Salaried,2,24,2,0
47,872095.0,481891.0,736,Salaried,0,36,0,0
60,1012045.0,356315.0,726,Salaried,0,12,0,0
28,799089.0,454734.0,432,Salaried,1,12,1,0
41,852693.0,701002.0,751,Self-Employed,1,48,0,1
47,427193.0,710945.0,523,Salaried,0,60,0,1
48,306345.0,534203.0,331,Self-Employed,2,12,0,1
45,377078.0,465921.0,402,Self-Employed,1,12,1,1
53,426336.0,282748.0,323,Self-Employed,1,12,2,0
61,1040440.0,495512.0,826,Salaried,4,24,1,0
40,792787.0,721834.0,854,Business,1,24,0,0
32,461834.0,380974.0,704,Salaried,1,48,3,1
61,618793.0,541303.0,465,Self-Employed,2,48,0,1
32,551962.0,373950.0,686,Business,1,12,1,0
61,304554.0,636171.0,411,Self-Employed,0,24,0,1
40,702151.0,107631.0,811,Self-Employed,1,48,1,1
35,471109.0,409530.0,386,Salaried,0,36,0,1
51,665897.0,369524.0,701,Self-Employed,0,12,0,1
59,839529.0,589108.0,665,Business,2,36,0,0
38,150000.0,149738.0,856,Salaried,1,60,2,1
43,1123788.0,359175.0,694,Self-Employed,0,48,0,0
24,216792.0,207393.0,733,Salaried,1,36,0,1
55,686890.0,818945.0,401,Salaried,1,24,1,1
23,883180.0,706336.0,348,Salaried,0,48,0,0
47,437808.0,250063.0,611,Self-Employed,1,24,2,0
22,447203.0,50000.0,432,Self-Employed,1,24,1,0
46,482076.0,454063.0,465,Salaried,0,24,1,1
39,1081338.0,606339.0,880,Self-Employed,1,24,1,0
35,1228546.0,511547.0,363,Business,1,36,0,0
36,740814.0,486665.0,483,Salaried,0,24,0,0
29,514601.0,615948.0,418,Business,1,12,0,1
37,237012.0,411356.0,416,Salaried,0,24,0,1
52,617175.0,324729.0,898,Self-Employed,2,12,1,0
33,704582.0,467975.0,629,Business,0,48,1,0
58,150000.0,361886.0,784,Salaried,0,60,2,1
53,1080765.0,403030.0,596,Salaried,0,24,0,0
33,335645.0,50000.0,841,Salaried,1,48,1,0
56,635980.0,154054.0,601,Self-Employed,1,12,0,1
60,544953.0,216743.0,701,Salaried,1,24,1,0
48,950122.0,310196.0,731,Salaried,1,60,0,0
43,437199.0,362272.0,599,Salaried,0,24,0,1
46,443184.0,163540.0,534,Salaried,1,24,0,1
40,719012.0,540369.0,335,Salaried,2,48,0,0
36,692569.0,742341.0,536,Business,1,48,0,0
22,445465.0,600946.0,397,Salaried,3,48,0,1
21,698618.0,347002.0,381,Salaried,0,48,0,0
50,767864.0,421662.0,670,Salaried,1,48,0,0
58,600960.0,121218.0,679,Self-Employed,2,36,0,0
34,1171461.0,566172.0,784,Business,0,60,0,0
30,558808.0,519155.0,485,Salaried,0,60,0,1
38,584325.0,50000.0,887,Self-Employed,2,48,1,1
47,903145.0,157441.0,727,Business,0,24,0,0
24,423367.0,977089.0,376,Self-Employed,2,36,3,1
54,435393.0,50000.0,608,Business,0,24,1,0
60,516447.0,298164.0,609,Self-Employed,1,60,0,0
32,687637.0,311779.0,822,Salaried,0,24,1,0
42,843357.0,507052.0,756,Salaried,2,48,0,0
25,1094295.0,519708.0,352,Salaried,2,24,1,0
40,453802.0,341024.0,418,Self-Employed,2,48,1,1
39,500268.0,654724.0,708,Salaried,2,24,1,0
53,846039.0,414518.0,500,Salaried,1,12,0,0
58,537561.0,408631.0,752,Self-Employed,2,12,2,0
42,769129.0,341842.0,834,Self-Employed,1,24,1,0
36,728555.0,595206.0,366,Self-Employed,1,60,1,1
35,563028.0,505407.0,442,Salaried,2,24,2,1
29,776935.0,331288.0,886,Business,0,48,0,0
51,252776.0,400242.0,523,Self-Employed,2,60,0,1
43,448260.0,383514.0,750,Salaried,0,48,0,1
50,823028.0,379785.0,389,Business,2,12,0,1
61,687662.0,460909.0,598,Self-Employed,0,12,3,0
60,651410.0,307718.0,377,Salaried,0,60,3,1
23,716059.0,283257.0,689,Self-Employed,1,36,0,0
53,798964.0,375951.0,700,Business,2,48,0,0
38,441157.0,357513.0,300,Business,0,60,0,1
24,1056713.0,374880.0,307,Self-Employed,0,36,0,0
38,510246.0,146901.0,700,Salaried,1,24,2,0
30,546898.0,53510.0,828,Self-Employed,0,48,1,0
57,901461.0,642445.0,782,Salaried,3,12,1,0
36,284315.0,338818.0,527,Business,3,60,0,1
52,167894.0,616027.0,707,Salaried,1,36,2,0
34,521217.0,946872.0,787,Business,1,36,0,1
36,797394.0,447982.0,354,Salaried,0,24,0,0
50,456958.0,357322.0,800,Salaried,3,36,1,0
47,695390.0,503477.0,502,Self-Employed,0,24,0,0
37,415435.0,478077.0,860,Salaried,0,12,2,1
31,150000.0,520571.0,662,Business,1,48,1,1
32,401812.0,278374.0,594,Salaried,0,24,0,0
35,772906.0,336760.0,353,Salaried,0,24,0,0
22,344668.0,462685.0,560,Business,2,24,0,0
27,627837.0,529049.0,844,Self-Employed,1,12,0,0
24,758467.0,408513.0,556,Salaried,2,60,1,0
27,795866.0,408967.0,688,Self-Employed,2,36,0,0
45,822475.0,138345.0,819,Salaried,2,48,0,1
62,871338.0,299917.0,345,Salaried,0,12,0,0
27,234485.0,409978.0,850,Salaried,3,36,0,1
55,901790.0,494894.0,787,Business,1,12,2,0
38,644343.0,544254.0,549,Salaried,2,36,0,1
46,600597.0,231904.0,795,Business,0,60,0,0
39,460479.0,483047.0,325,Business,0,24,0,1
43,598203.0,228955.0,301,Salaried,1,60,0,0
47,922490.0,903552.0,525,Salaried,2,12,0,0
48,979472.0,774788.0,467,Salaried,1,36,0,0
59,1381105.0,550348.0,392,Business,3,48,0,0
60,837875.0,484372.0,511,Salaried,1,48,0,0
63,343094.0,322341.0,732,Salaried,1,12,1,0
22,528261.0,777354.0,692,Self-Employed,1,60,0,1
45,339943.0,147362.0,642,Self-Employed,1,48,0,0
57,932852.0,56338.0,572,Salaried,2,24,1,0
62,510074.0,522201.0,827,Salaried,2,48,1,1
37,402765.0,511843.0,398,Salaried,2,48,0,1
29,1274676.0,434673.0,659,Salaried,3,48,1,0
23,799025.0,223458.0,309,Salaried,3,36,1,0
41,579203.0,347125.0,810,Self-Employed,2,36,0,0
45,957105.0,399642.0,719,Salaried,2,36,0,0
28,1188356.0,481806.0,521,Business,2,12,1,0
39,690777.0,337397.0,321,Self-Employed,1,60,1,0
63,816786.0,368181.0,680,Salaried,2,60,0,0
43,469217.0,721587.0,415,Self-Employed,2,48,0,1
36,879572.0,343591.0,583,Salaried,0,36,0,0
64,425141.0,304284.0,695,Salaried,2,24,1,0
42,462382.0,286371.0,713,Salaried,1,60,0,0
25,719201.0,517107.0,405,Self-Employed,3,12,1,0
36,1083333.0,416724.0,366,Business,1,36,1,0
55,500553.0,366743.0,679,Business,1,48,2,0
43,736027.0,612723.0,396,Self-Employed,1,24,2,1
31,617622.0,358600.0,641,Salaried,3,12,0,0
37,589885.0,356814.0,695,Business,3,36,0,0
59,1196500.0,683964.0,600,Business,2,24,1,0
45,724764.0,544164.0,463,Salaried,0,24,3,0
35,477148.0,50000.0,793,Salaried,1,60,0,0
40,939025.0,370623.0,683,Salaried,1,48,0,0
53,872905.0,235835.0,559,Business,1,48,2,0
23,621399.0,348174.0,469,Self-Employed,0,36,1,0
45,570468.0,476252.0,323,Salaried,2,60,1,1
26,857536.0,596155.0,820,Salaried,0,24,0,0
45,382554.0,152786.0,661,Salaried,1,24,0,0
28,738923.0,543281.0,705,Self-Employed,0,12,0,0
31,676831.0,715491.0,626,Salaried,0,60,0,1
28,516809.0,97477.0,531,Self-Employed,0,48,1,0
37,693732.0,81966.0,753,Business,1,60,0,1
34,659353.0,564259.0,642,Salaried,2,24,0,1
52,1201450.0,125601.0,840,Self-Employed,2,36,1,1
58,710475.0,462425.0,412,Business,1,12,1,0
44,1057762.0,281461.0,497,Business,1,48,1,1
60,853017.0,248529.0,808,Salaried,0,24,3,0
55,753849.0,557275.0,863,Business,0,24,0,0
40,739742.0,283482.0,391,Salaried,0,12,0,0
46,367450.0,366962.0,784,Salaried,1,24,0,0
35,859729.0,573360.0,557,Salaried,1,36,0,0
50,703786.0,333810.0,474,Business,4,12,0,0
31,590600.0,308636.0,807,Salaried,1,36,2,0
59,184158.0,405553.0,880,Salaried,2,60,0,1
53,940874.0,185038.0,718,Salaried,0,60,0,0
27,969878.0,255348.0,838,Salaried,0,36,0,0
52,658226.0,50000.0,791,Salaried,1,60,1,0
23,1030148.0,478186.0,801,Self-Employed,0,48,0,0
63,246417.0,50000.0,753,Salaried,1,48,0,0
36,879152.0,351097.0,690,Self-Employed,1,60,0,0
26,409018.0,399274.0,479,Business,2,48,1,1
60,322515.0,347018.0,640,Self-Employed,2,36,3,1
40,630116.0,524614.0,311,Self-Employed,0,60,1,1
50,694270.0,50000.0,765,Salaried,1,48,1,1
64,816273.0,258929.0,688,Salaried,1,60,0,0
24,460866.0,322458.0,665,Salaried,1,36,0,0
54,150000.0,491992.0,604,Business,0,48,1,1
61,880935.0,153225.0,893,Business,0,36,0,0
55,937813.0,473535.0,395,Salaried,1,60,0,0
31,739102.0,479773.0,641,Business,1,36,1,0
57,482273.0,407624.0,593,Salaried,0,60,1,1
57,944731.0,384979.0,814,Salaried,3,36,1,0
37,651818.0,387396.0,690,Salaried,1,24,1,0
54,150000.0,204542.0,475,Self-Employed,0,12,1,1
45,568385.0,190833.0,517,Business,0,60,0,0
39,150000.0,680886.0,847,Business,1,48,1,1
44,953515.0,298404.0,619,Salaried,1,48,0,0
21,655859.0,257612.0,516,Salaried,1,60,2,1
56,811581.0,326920.0,698,Salaried,0,12,0,0
52,740504.0,372385.0,710,Salaried,3,24,0,0
40,572981.0,870147.0,318,Salaried,1,60,1,1
39,783374.0,178471.0,398,Business,3,36,0,0
52,699396.0,152444.0,518,Business,0,24,3,0
63,544828.0,648964.0,894,Salaried,1,60,2,0
62,974461.0,581882.0,487,Self-Employed,1,24,0,0
30,594012.0,238033.0,658,Business,1,12,0,0
64,298726.0,762388.0,640,Self-Employed,2,48,0,1
50,900540.0,464646.0,739,Business,2,60,0,0
31,954127.0,519338.0,607,Salaried,2,48,1,0
62,710624.0,489393.0,623,Salaried,1,12,0,0
58,850066.0,425460.0,694,Salaried,2,60,0,0
60,542996.0,563771.0,809,Salaried,1,48,1,1
43,524183.0,393181.0,747,Salaried,1,48,0,0
41,467616.0,684228.0,345,Salaried,1,36,1,1
48,1055010.0,406338.0,450,Business,1,36,1,1
42,1027457.0,379310.0,792,Salaried,4,48,1,0
39,415110.0,235749.0,379,Self-Employed,2,12,1,1
46,738824.0,190344.0,351,Business,2,12,0,0
53,805143.0,554391.0,774,Business,0,12,0,0
48,872554.0,532041.0,658,Business,1,24,2,0
63,755186.0,355468.0,866,Self-Employed,3,24,1,0
32,534282.0,61670.0,598,Salaried,1,48,0,0
50,704001.0,164957.0,419,Salaried,0,48,0,1
59,740005.0,176921.0,459,Salaried,2,48,0,0
24,1432813.0,526752.0,628,Salaried,0,24,0,0
62,810283.0,158185.0,699,Salaried,1,60,0,0
32,664793.0,309771.0,433,Salaried,0,60,0,0
38,661317.0,508869.0,572,Salaried,1,12,0,0
30,1095697.0,523556.0,846,Salaried,1,36,1,0
54,488504.0,555445.0,810,Salaried,1,12,3,1
58,998404.0,255860.0,697,Business,0,24,1,0
54,739350.0,165349.0,550,Salaried,0,60,0,0
59,846305.0,411423.0,731,Salaried,3,60,0,0
63,544023.0,470316.0,880,Salaried,2,24,2,1
26,150000.0,123834.0,885,Self-Employed,0,60,1,0
51,738597.0,248690.0,383,Salaried,2,60,2,0
63,471405.0,132302.0,513,Self-Employed,1,24,1,0
33,952319.0,362414.0,659,Salaried,1,24,0,0
59,452614.0,400840.0,491,Salaried,1,36,0,1
61,739576.0,232333.0,620,Business,2,12,0,0
61,596816.0,320896.0,656,Business,1,36,0,0
41,960754.0,949948.0,463,Salaried,0,36,1,1
28,816110.0,251305.0,688,Salaried,0,36,0,0
46,513485.0,309136.0,468,Salaried,0,60,1,0
64,688857.0,368731.0,833,Self-Employed,0,24,0,0
39,629848.0,791396.0,416,Salaried,1,36,0,1
36,964566.0,462352.0,769,Self-Employed,0,60,0,0
59,661915.0,582943.0,501,Self-Employed,0,24,0,1
59,844262.0,392294.0,401,Salaried,0,12,0,0
25,607557.0,50000.0,561,Business,1,36,1,0
48,827499.0,432354.0,478,Business,1,36,0,0
51,801555.0,515458.0,746,Business,4,24,2,0
42,688064.0,313863.0,693,Salaried,1,48,0,0
37,669120.0,557226.0,467,Self-Employed,0,24,1,1
30,817853.0,393868.0,593,Business,0,12,1,1
21,861360.0,598029.0,453,Self-Employed,2,36,1,0
50,432314.0,526973.0,891,Salaried,2,24,1,0
38,243405.0,841956.0,715,Business,1,60,2,1
31,351351.0,429468.0,871,Salaried,1,24,0,1
38,576600.0,354349.0,547,Salaried,0,12,1,0
47,639226.0,660177.0,568,Salaried,1,48,1,1
29,903502.0,165819.0,628,Self-Employed,0,36,2,0
25,547099.0,496228.0,799,Self-Employed,0,36,0,0
24,329048.0,186544.0,386,Self-Employed,0,60,0,0
44,150000.0,504787.0,861,Salaried,1,12,0,0
46,818755.0,172104.0,763,Salaried,0,36,1,0
32,581969.0,267919.0,463,Salaried,1,36,0,0
62,695937.0,612747.0,581,Business,0,24,1,1
31,267044.0,468873.0,355,Business,1,12,0,1
27,735631.0,50000.0,599,Self-Employed,2,12,2,0
21,867283.0,619604.0,690,Self-Employed,0,36,2,0
64,653834.0,678309.0,395,Business,0,48,0,1
42,360126.0,445349.0,388,Salaried,3,24,0,1
61,217985.0,490267.0,659,Salaried,0,48,1,1
35,150000.0,51453.0,592,Salaried,1,24,1,0
60,150000.0,346480.0,546,Salaried,4,24,1,0
39,463557.0,543467.0,604,Self-Employed,1,12,2,1
21,822990.0,137593.0,817,Self-Employed,1,48,0,0
30,1077763.0,257993.0,317,Business,1,24,1,1
21,515904.0,540349.0,360,Business,0,24,0,1
63,243997.0,213924.0,463,Salaried,1,60,1,1
61,821527.0,512854.0,588,Salaried,1,24,0,0
49,599888.0,190230.0,808,Salaried,0,48,0,0
32,545831.0,256448.0,516,Self-Employed,1,36,0,0
58,164886.0,591026.0,594,Salaried,0,12,0,1
27,679814.0,277036.0,810,Business,0,36,0,0
49,654059.0,458307.0,861,Salaried,0,24,0,0
33,1023266.0,56164.0,553,Business,3,60,1,0
57,688300.0,256360.0,805,Self-Employed,0,48,0,0
62,815592.0,642777.0,866,Salaried,1,24,0,0
34,513820.0,367790.0,312,Salaried,0,60,1,0
62,877812.0,479569.0,718,Salaried,1,60,0,0
28,867207.0,495107.0,873,Self-Employed,2,36,1,0
27,536395.0,443619.0,649,Self-Employed,1,60,0,1
24,927191.0,603710.0,623,Self-Employed,0,12,0,0
46,983854.0,279410.0,341,Salaried,1,60,1,0
47,655854.0,145785.0,895,Self-Employed,1,24,0,0
39,647876.0,416142.0,643,Business,2,36,1,1
49,624421.0,366300.0,804,Self-Employed,0,36,0,0
59,653975.0,287295.0,654,Salaried,1,60,0,0
31,459125.0,369697.0,314,Salaried,0,36,1,1
26,845169.0,514616.0,685,Salaried,2,48,1,0
54,1268173.0,515903.0,327,Salaried,0,36,0,0
24,527626.0,252212.0,643,Salaried,0,48,0,0
56,1048780.0,603402.0,543,Self-Employed,1,12,0,0
57,699077.0,644795.0,588,Business,1,12,0,1
53,366144.0,293925.0,516,Salaried,2,48,0,1
33,718210.0,343905.0,370,Business,0,36,0,0
46,780893.0,559209.0,815,Self-Employed,0,60,0,0
59,1099971.0,465447.0,822,Business,1,36,1,0
27,584301.0,202599.0,712,Business,2,60,0,0
34,616739.0,653914.0,815,Salaried,2,48,0,0
54,504409.0,555370.0,335,Self-Employed,1,24,1,1
41,1057853.0,275486.0,511,Self-Employed,0,12,0,0
43,1359599.0,818174.0,438,Salaried,3,48,1,0
24,573196.0,568041.0,432,Salaried,1,24,0,1
24,606443.0,416890.0,667,Business,0,60,1,0
37,675004.0,180416.0,710,Salaried,0,24,0,0
49,762650.0,823495.0,596,Salaried,2,36,1,1
43,1375556.0,263489.0,586,Self-Employed,0,60,1,0
21,150000.0,50000.0,322,Self-Employed,1,24,0,1
28,1200365.0,230583.0,588,Salaried,1,36,0,0
33,889859.0,155967.0,305,Salaried,1,48,1,0
30,236936.0,616810.0,512,Salaried,0,24,1,1
46,519367.0,50000.0,843,Self-Employed,0,24,1,0
46,766364.0,549878.0,480,Self-Employed,2,60,0,0
57,743290.0,491922.0,406,Salaried,1,36,0,0
35,572813.0,468263.0,898,Salaried,3,12,2,0
57,690176.0,451038.0,858,Salaried,2,48,0,0
31,787177.0,374697.0,431,Salaried,1,12,0,0
34,840050.0,167060.0,491,Salaried,1,36,0,0
35,505291.0,161366.0,562,Business,0,60,3,1
45,1100730.0,560637.0,424,Salaried,1,60,0,0
50,1187154.0,363703.0,824,Salaried,0,36,0,0
29,1041150.0,50000.0,386,Self-Employed,0,48,1,0
60,1126089.0,201463.0,820,Business,2,60,0,0
54,595067.0,218516.0,802,Business,2,24,0,0
56,150000.0,469697.0,543,Salaried,1,48,1,0
29,572278.0,298914.0,793,Business,0,36,1,0
21,977585.0,297225.0,782,Salaried,1,60,1,1
21,939621.0,50000.0,624,Salaried,1,48,3,1
55,533658.0,435159.0,710,Salaried,0,48,1,1
42,519704.0,545685.0,871,Salaried,1,12,1,1
37,877229.0,612120.0,739,Self-Employed,1,24,0,0
24,409704.0,317009.0,860,Salaried,3,24,2,0
38,578591.0,584533.0,866,Self-Employed,1,48,1,0
54,949812.0,503331.0,333,Salaried,0,12,0,0
54,943343.0,579444.0,749,Self-Employed,4,60,0,0
64,859263.0,755320.0,712,Salaried,0,24,0,0
28,1108945.0,496411.0,612,Salaried,3,60,1,0
28,892740.0,361264.0,512,Salaried,0,48,1,0
46,431758.0,50000.0,683,Salaried,3,36,0,0
30,1089016.0,419299.0,867,Salaried,1,24,0,0
30,731489.0,330003.0,876,Salaried,1,24,2,0
38,685614.0,781277.0,822,Business,1,48,1,1
37,1574893.0,50000.0,781,Salaried,0,36,1,0
62,614673.0,337320.0,553,Salaried,0,48,0,0
33,469470.0,424049.0,353,Self-Employed,1,48,0,1
45,760596.0,405005.0,705,Salaried,0,24,1,0
55,584872.0,256982.0,495,Self-Employed,0,24,0,0
39,744408.0,710282.0,744,Business,1,48,0,0
36,933089.0,530033.0,630,Business,1,60,1,0
42,670030.0,583563.0,409,Business,0,24,0,1
33,691661.0,427280.0,465,Salaried,2,36,0,1
45,332200.0,445623.0,661,Salaried,1,60,0,1
63,858713.0,554011.0,847,Salaried,0,60,0,0
24,438143.0,649391.0,831,Salaried,1,60,1,0
56,1084684.0,498460.0,319,Self-Employed,2,24,0,1
28,422444.0,360500.0,550,Salaried,0,12,0,0
36,668109.0,325438.0,734,Business,1,12,0,0
59,645970.0,301321.0,601,Salaried,0,24,2,0
63,805836.0,496957.0,679,Salaried,1,48,0,0
53,748117.0,680901.0,573,Salaried,1,60,1,1
33,786065.0,608992.0,473,Salaried,0,36,0,0
59,746363.0,293074.0,703,Salaried,3,60,1,0
30,505730.0,523242.0,378,Self-Employed,0,24,0,1
27,586617.0,770327.0,573,Self-Employed,2,60,1,1
35,678457.0,576676.0,376,Self-Employed,1,12,1,1
62,411301.0,50000.0,893,Self-Employed,1,36,2,0
59,622578.0,535039.0,387,Self-Employed,0,48,2,1
43,648076.0,50000.0,837,Business,1,12,0,0
50,989738.0,393166.0,676,Salaried,3,24,0,0
63,1089013.0,561920.0,690,Self-Employed,0,24,1,0
26,1125481.0,464911.0,521,Self-Employed,0,24,0,0
46,486355.0,651269.0,364,Salaried,1,48,0,1
42,714830.0,124899.0,510,Salaried,3,60,1,0
58,558458.0,447095.0,601,Business,1,48,1,1
59,780111.0,518909.0,847,Business,1,12,2,0
53,724403.0,279516.0,710,Salaried,0,36,0,0
26,1015204.0,285336.0,346,Self-Employed,3,48,0,1
61,487283.0,272739.0,431,Salaried,1,48,0,0
33,588584.0,664179.0,657,Self-Employed,1,60,0,1
44,639743.0,642154.0,449,Salaried,1,60,1,1
24,1153719.0,98213.0,483,Salaried,1,36,1,0
61,709615.0,530336.0,731,Business,2,12,0,0
50,182627.0,562456.0,598,Salaried,2,48,0,1
57,452323.0,331966.0,544,Self-Employed,2,12,0,0
62,387613.0,447989.0,362,Self-Employed,1,48,0,1
47,338347.0,484275.0,854,Salaried,0,60,1,1
49,716027.0,537564.0,620,Business,1,60,1,0
25,451167.0,436272.0,599,Self-Employed,2,60,0,1
41,561080.0,370076.0,443,Self-Employed,1,36,1,0
26,1126079.0,257195.0,432,Salaried,1,60,2,1
29,806846.0,365544.0,665,Salaried,0,48,0,0
21,616946.0,593025.0,371,Self-Employed,1,12,0,1
52,396541.0,381926.0,520,Salaried,3,24,0,1
27,827401.0,247821.0,542,Self-Employed,0,60,0,0
30,552110.0,312612.0,321,Salaried,1,36,0,1
54,960155.0,50000.0,666,Self-Employed,3,60,0,1
59,368445.0,215570.0,826,Self-Employed,1,36,0,0
25,411470.0,536651.0,885,Self-Employed,0,48,0,1
44,627735.0,447036.0,510,Business,1,12,0,0
51,361214.0,310969.0,341,Self-Employed,1,48,0,1
52,1025460.0,575050.0,517,Salaried,0,12,1,0
41,449221.0,529617.0,476,Self-Employed,4,60,0,1
60,835685.0,243783.0,669,Salaried,0,24,1,0
21,313646.0,304411.0,474,Self-Employed,0,24,1,1
61,549916.0,352010.0,549,Self-Employed,1,60,1,0
50,856070.0,226664.0,418,Self-Employed,1,36,0,0
28,1115509.0,489512.0,303,Self-Employed,1,12,0,0
47,854098.0,468301.0,602,Self-Employed,2,48,0,1
38,1085149.0,275915.0,324,Self-Employed,3,60,1,1
30,370477.0,149761.0,812,Business,1,36,0,0
63,891140.0,467401.0,889,Salaried,2,48,0,0
33,823223.0,108970.0,853,Self-Employed,1,12,0,0
54,838981.0,387561.0,804,Salaried,0,36,0,0
37,194198.0,339985.0,425,Salaried,1,60,0,1
23,846428.0,565686.0,360,Salaried,0,36,1,0
45,391051.0,273586.0,626,Salaried,1,48,0,0
46,328801.0,136236.0,374,Salaried,1,12,2,0
34,721888.0,239340.0,405,Business,1,60,0,0
22,752591.0,862343.0,383,Self-Employed,1,12,0,1
61,771444.0,108105.0,349,Salaried,0,48,1,0
34,688748.0,155952.0,443,Salaried,2,60,0,1
64,458445.0,436601.0,315,Self-Employed,0,36,1,1
39,376720.0,441002.0,764,Self-Employed,1,60,1,1
39,627764.0,530978.0,700,Self-Employed,2,36,0,1
40,723097.0,648283.0,346,Self-Employed,1,24,1,1
55,379826.0,112463.0,384,Salaried,1,12,1,0
57,851394.0,791100.0,755,Salaried,1,24,0,1
45,629678.0,645452.0,319,Salaried,1,12,2,1
23,545072.0,152867.0,640,Business,0,60,0,0
49,698410.0,539317.0,700,Self-Employed,1,36,2,0
37,952719.0,433245.0,414,Salaried,0,36,1,1
30,770811.0,289382.0,520,Salaried,3,60,0,0
29,731441.0,50000.0,640,Self-Employed,1,48,0,0
54,689520.0,210326.0,789,Salaried,2,12,2,0
49,598110.0,327661.0,543,Salaried,2,24,0,0
33,526116.0,529283.0,472,Business,0,24,1,0
32,1053902.0,467309.0,735,Salaried,0,24,0,0
34,367028.0,207667.0,737,Self-Employed,0,60,0,0
35,505179.0,565940.0,876,Salaried,1,60,0,0
28,757303.0,339035.0,748,Self-Employed,0,36,1,0
50,763894.0,420496.0,508,Salaried,0,48,0,0
43,560119.0,432345.0,368,Self-Employed,0,60,1,0
40,1056924.0,276648.0,502,Salaried,2,48,1,0
51,649451.0,333756.0,801,Business,2,24,0,0
59,921984.0,50000.0,302,Salaried,2,24,0,1
27,732502.0,145260.0,411,Self-Employed,1,36,0,0
43,384529.0,475896.0,455,Salaried,0,24,0,1
25,384955.0,409503.0,564,Salaried,0,36,0,0
42,283865.0,361770.0,661,Business,2,12,0,0
44,775190.0,767813.0,353,Self-Employed,1,60,3,1
63,788427.0,189172.0,489,Salaried,0,36,1,0
49,819963.0,193061.0,707,Salaried,0,24,0,0
58,750766.0,487017.0,662,Business,1,24,1,0
33,659221.0,408482.0,829,Self-Employed,1,24,0,0
37,413239.0,400798.0,443,Salaried,0,36,1,1
53,802446.0,93076.0,724,Salaried,2,48,0,0
55,598743.0,424995.0,884,Self-Employed,2,48,1,0
29,664221.0,583011.0,309,Business,1,48,1,1
60,674027.0,457593.0,821,Salaried,4,12,1,0
45,458940.0,260313.0,673,Salaried,0,60,0,0
29,251963.0,396366.0,472,Salaried,1,24,0,1
45,867087.0,397965.0,640,Salaried,2,24,1,0
32,507415.0,236547.0,595,Salaried,2,48,1,1
35,750819.0,524040.0,343,Self-Employed,2,24,1,1
39,558434.0,262218.0,329,Salaried,2,36,0,0
55,568800.0,354446.0,640,Salaried,0,12,1,0
41,647984.0,443094.0,847,Salaried,2,24,0,0
45,219340.0,640638.0,336,Salaried,2,12,1,1
49,640249.0,226284.0,473,Salaried,2,24,1,1
37,483318.0,218406.0,784,Salaried,0,60,0,0
43,761588.0,590525.0,319,Salaried,0,48,0,0
27,424129.0,254601.0,455,Salaried,1,24,0,0
47,416785.0,430236.0,536,Salaried,0,12,2,1
32,581652.0,50000.0,564,Business,1,60,0,1
43,553721.0,357672.0,654,Business,2,48,0,1
39,625499.0,581313.0,504,Business,0,48,1,1
52,561401.0,327633.0,693,Salaried,1,24,2,1
22,613048.0,742817.0,497,Salaried,1,60,1,1
29,838430.0,376205.0,791,Self-Employed,1,48,1,0
38,908591.0,65773.0,376,Salaried,1,12,0,0
34,1013494.0,97022.0,872,Business,2,60,1,0
30,1358287.0,108670.0,488,Self-Employed,1,24,0,1
38,765587.0,421885.0,474,Salaried,2,24,0,0
51,685171.0,565919.0,494,Self-Employed,2,24,4,1
22,273584.0,871099.0,329,Business,1,36,0,0
61,955607.0,191457.0,428,Salaried,0,60,0,0
35,324260.0,379415.0,331,Salaried,2,48,1,1
42,252053.0,407160.0,465,Business,1,24,1,1
33,543031.0,390260.0,392,Self-Employed,2,36,1,0
33,340003.0,248217.0,634,Self-Employed,1,24,1,0
62,899699.0,537588.0,849,Self-Employed,1,12,0,0
30,803529.0,504187.0,525,Business,1,24,1,0
25,851749.0,347380.0,698,Salaried,2,24,1,0
49,160112.0,267207.0,706,Salaried,1,36,1,1
24,1033524.0,407464.0,444,Salaried,1,24,0,0
52,1194590.0,489952.0,348,Self-Employed,2,36,0,0
50,276636.0,253028.0,441,Self-Employed,1,60,0,1
63,150000.0,343343.0,753,Salaried,0,60,1,1
62,159573.0,478142.0,413,Salaried,1,60,0,1
40,1406747.0,299029.0,502,Salaried,1,36,2,0
57,347749.0,692715.0,780,Salaried,1,24,0,1
39,925836.0,409393.0,346,Self-Employed,1,60,0,1
31,560923.0,207256.0,526,Salaried,2,48,2,1
24,784137.0,50000.0,751,Salaried,1,36,1,1
53,254829.0,485354.0,402,Business,3,12,1,1
61,150000.0,576657.0,642,Salaried,1,12,0,1
58,940710.0,50000.0,792,Business,0,48,0,0
56,701922.0,395479.0,739,Salaried,0,60,0,0
62,624425.0,367146.0,563,Self-Employed,0,12,1,0
56,700747.0,707538.0,688,Salaried,1,36,1,1
30,372495.0,179417.0,835,Salaried,2,36,0,0
50,466821.0,329321.0,344,Salaried,3,36,0,0
26,441583.0,258087.0,654,Salaried,1,24,1,0
21,545717.0,530163.0,729,Salaried,0,24,0,1
62,811306.0,443672.0,772,Salaried,0,12,0,0
26,349446.0,57729.0,888,Business,0,60,0,0
56,857792.0,617624.0,304,Salaried,0,60,0,0
30,344250.0,676974.0,533,Salaried,2,48,2,1
60,681131.0,50000.0,340,Salaried,0,24,0,0
59,670863.0,724869.0,553,Self-Employed,0,24,0,1
60,425509.0,349661.0,433,Self-Employed,0,60,1,1
62,386190.0,771622.0,585,Self-Employed,0,36,0,0
36,389798.0,438058.0,870,Salaried,1,36,0,1
31,867932.0,427326.0,786,Salaried,1,12,0,0
27,767775.0,433623.0,322,Self-Employed,0,36,1,1
45,1031212.0,428428.0,627,Salaried,3,12,0,0
37,574666.0,275931.0,858,Salaried,1,12,0,0
36,784435.0,481679.0,387,Salaried,0,12,0,0
48,531742.0,122833.0,618,Self-Employed,2,60,0,0
60,801415.0,743198.0,754,Business,1,60,0,0
54,557785.0,364036.0,783,Self-Employed,0,12,1,0
63,741221.0,467346.0,592,Business,0,24,1,0
42,819711.0,198747.0,549,Self-Employed,2,60,0,0
57,577649.0,612051.0,567,Self-Employed,0,24,0,1
50,456110.0,248513.0,892,Business,1,60,1,0
63,150000.0,241167.0,434,Salaried,0,24,0,1
34,598980.0,464344.0,871,Salaried,1,48,2,0
63,342842.0,50000.0,713,Salaried,2,12,1,0
30,451077.0,302610.0,873,Salaried,0,60,1,0
22,807938.0,318847.0,316,Business,2,36,1,0
29,759151.0,442177.0,682,Salaried,1,24,0,0
55,357603.0,373365.0,795,Salaried,1,24,1,0
62,672786.0,50000.0,313,Salaried,1,48,1,0
25,1007444.0,334762.0,405,Salaried,0,48,1,0
59,435322.0,280007.0,417,Salaried,0,12,0,0
56,890231.0,256003.0,329,Self-Employed,0,24,0,0
32,572446.0,225150.0,560,Salaried,1,24,1,0
44,696113.0,815730.0,612,Salaried,0,36,0,1
38,1307876.0,449084.0,745,Salaried,1,36,0,0
29,589450.0,707361.0,862,Self-Employed,0,12,0,0
58,742229.0,776324.0,517,Salaried,2,36,0,1
25,862646.0,164818.0,567,Salaried,1,60,3,0
22,245105.0,389259.0,789,Salaried,1,48,0,0
31,1060446.0,50000.0,366,Salaried,0,48,2,0
48,510969.0,245388.0,727,Salaried,2,36,1,0
42,1171860.0,319321.0,704,Business,2,48,2,1
58,818322.0,151668.0,752,Salaried,0,24,0,0
29,393727.0,365134.0,773,Salaried,0,12,3,0
22,388091.0,353497.0,764,Self-Employed,3,24,0,1
51,585757.0,489859.0,616,Business,1,60,0,1
50,474618.0,295835.0,704,Business,2,36,1,0
41,403206.0,401508.0,426,Salaried,2,12,0,1
59,711062.0,204344.0,703,Business,1,12,0,0
61,753264.0,790700.0,405,Self-Employed,1,48,0,1
64,672185.0,604664.0,688,Salaried,0,60,1,1
22,671457.0,317179.0,316,Salaried,2,36,0,0
31,887051.0,506647.0,385,Salaried,2,36,2,1
48,150000.0,345626.0,748,Salaried,1,36,0,0
62,564303.0,614626.0,832,Business,1,48,0,0
52,485802.0,236258.0,762,Self-Employed,1,36,1,1
35,833861.0,420818.0,746,Business,0,24,0,0
61,583114.0,141457.0,476,Self-Employed,2,48,2,1
59,734244.0,411405.0,464,Salaried,1,60,2,0
62,944695.0,164962.0,688,Salaried,0,60,2,0
54,982975.0,887099.0,391,Salaried,1,60,1,0
27,607338.0,563099.0,708,Business,1,48,1,1
54,433450.0,420463.0,415,Business,1,12,0,1
50,518942.0,519020.0,549,Business,1,60,2,1
52,846792.0,334366.0,561,Salaried,3,36,2,1
43,897548.0,50000.0,676,Salaried,3,12,0,0
31,590357.0,430011.0,495,Salaried,0,36,0,0
42,624444.0,649406.0,815,Self-Employed,2,24,0,1
52,848302.0,413363.0,462,Self-Employed,2,60,1,1
38,429626.0,295524.0,682,Salaried,0,36,3,0
52,760284.0,184045.0,842,Salaried,3,48,2,0
29,603265.0,534467.0,384,Self-Employed,2,36,0,0
44,645251.0,122774.0,408,Salaried,1,24,1,0
40,765927.0,659803.0,722,Salaried,4,48,1,1
32,909197.0,300182.0,306,Salaried,1,12,0,0
38,689448.0,562030.0,517,Salaried,1,36,0,1
30,179133.0,428509.0,864,Business,2,12,0,0
23,542542.0,450442.0,637,Business,0,12,1,1
62,1042682.0,491225.0,808,Self-Employed,2,36,1,0
57,150000.0,331081.0,739,Salaried,1,48,1,1
58,1207674.0,309162.0,642,Salaried,2,60,0,1
50,150000.0,494853.0,675,Self-Employed,0,12,1,1
34,521276.0,678314.0,633,Business,1,48,1,1
46,533585.0,672392.0,345,Salaried,0,36,0,1
37,426061.0,392355.0,879,Business,2,48,2,1
28,848121.0,479162.0,408,Salaried,0,36,0,0
30,239425.0,110239.0,807,Self-Employed,1,24,0,0
27,477558.0,339673.0,496,Self-Employed,0,48,1,0
26,926810.0,232829.0,598,Business,0,24,0,0
22,769515.0,373865.0,791,Salaried,1,60,0,0
58,523017.0,565011.0,555,Business,1,24,0,1
44,196655.0,869888.0,734,Salaried,0,60,2,1
51,796786.0,486308.0,387,Salaried,2,36,0,1
56,289561.0,836074.0,590,Salaried,0,60,0,1
63,623311.0,104522.0,526,Salaried,0,24,1,0
40,988804.0,105360.0,639,Business,3,12,0,0
22,1046877.0,636513.0,530,Business,3,24,0,0
37,915649.0,310386.0,689,Salaried,1,48,2,0
44,587434.0,366712.0,741,Salaried,2,24,1,0
24,861631.0,389242.0,322,Salaried,1,24,0,0
43,909235.0,474503.0,827,Business,1,12,0,1
57,462246.0,541115.0,501,Salaried,1,60,0,1
60,535657.0,724150.0,690,Salaried,2,24,0,1
49,1194730.0,215445.0,750,Salaried,0,36,1,0
23,318405.0,139834.0,469,Salaried,2,60,0,0
40,1123158.0,650372.0,495,Salaried,0,24,2,0
63,395868.0,362899.0,473,Business,0,24,0,0
43,568164.0,487602.0,498,Self-Employed,1,48,0,1
63,795618.0,263720.0,700,Self-Employed,1,36,0,0
52,798398.0,483797.0,429,Self-Employed,2,36,0,1
33,722286.0,557029.0,664,Business,0,36,1,0
45,817400.0,490501.0,474,Business,0,12,1,1
40,679607.0,570539.0,599,Business,1,12,1,1
60,796826.0,159166.0,417,Salaried,1,48,0,0
57,675124.0,342277.0,634,Salaried,1,12,0,0
39,602595.0,906342.0,582,Business,0,24,0,1
29,830883.0,617698.0,539,Salaried,0,36,0,0
24,150000.0,668606.0,497,Business,2,24,0,1
23,690955.0,476270.0,357,Salaried,0,12,2,0
22,639841.0,742399.0,529,Self-Employed,2,12,1,1
47,497890.0,615154.0,849,Business,0,12,2,0
60,707023.0,141078.0,362,Salaried,0,12,1,0
55,551752.0,384676.0,770,Self-Employed,1,24,0,0
44,638656.0,545616.0,548,Self-Employed,1,12,1,1
55,563693.0,460757.0,444,Self-Employed,0,36,0,1
57,766217.0,554473.0,634,Self-Employed,3,36,0,0
30,374887.0,122963.0,841,Salaried,1,12,3,0
25,823478.0,744053.0,836,Self-Employed,1,36,1,0
54,966716.0,508638.0,385,Salaried,0,24,1,0
27,770936.0,683166.0,815,Self-Employed,1,36,0,0
29,741785.0,606189.0,638,Self-Employed,0,36,0,1
36,356686.0,277482.0,598,Salaried,0,24,0,0
37,916300.0,161150.0,863,Self-Employed,0,24,0,0
42,815990.0,309462.0,432,Self-Employed,0,36,0,0
33,651599.0,334036.0,416,Salaried,2,12,2,0
55,466752.0,233428.0,876,Business,1,60,3,1
26,1125982.0,716493.0,696,Salaried,2,36,0,0
45,513438.0,50000.0,816,Business,1,48,1,0
35,645646.0,399515.0,817,Business,0,48,0,0
64,473185.0,497254.0,710,Salaried,2,36,2,1
49,850994.0,498902.0,854,Salaried,0,24,0,0
53,676160.0,247928.0,413,Business,1,36,1,0
51,174501.0,440959.0,341,Salaried,1,60,1,1
48,1113476.0,614601.0,671,Self-Employed,1,60,0,0
58,584988.0,50000.0,813,Salaried,1,60,1,0
42,922745.0,639940.0,752,Salaried,1,24,1,0
61,989940.0,166250.0,713,Salaried,0,60,0,0
64,207210.0,324981.0,844,Self-Employed,0,48,0,1
62,419000.0,358638.0,698,Salaried,0,48,0,1
45,846356.0,467498.0,410,Self-Employed,1,48,0,1
55,167516.0,423218.0,627,Self-Employed,3,60,0,1
41,882525.0,282770.0,440,Salaried,2,24,1,1
41,701007.0,174840.0,883,Salaried,0,36,0,0
60,421202.0,616330.0,351,Salaried,2,48,0,1
37,798075.0,632616.0,426,Self-Employed,3,24,0,0
37,776365.0,203497.0,338,Business,0,24,0,1
47,244106.0,351797.0,876,Salaried,2,60,2,1
44,164354.0,521609.0,309,Self-Employed,1,12,0,1
33,406951.0,307898.0,513,Salaried,2,60,0,0
61,480191.0,741022.0,568,Self-Employed,1,36,0,1
23,453992.0,414046.0,841,Salaried,0,24,2,1
21,222694.0,514928.0,454,Salaried,0,48,0,0
25,540250.0,490207.0,310,Salaried,0,48,0,1
55,650524.0,644130.0,343,Salaried,1,12,1,1
32,846133.0,343867.0,600,Salaried,2,12,0,0
45,1078059.0,50000.0,381,Salaried,0,48,0,0
38,690556.0,417672.0,606,Salaried,0,24,1,0
62,340637.0,703498.0,415,Business,0,12,0,1
61,751519.0,350845.0,712,Salaried,0,24,0,0
38,1205103.0,488979.0,603,Self-Employed,2,36,3,0
29,948155.0,406659.0,888,Salaried,1,12,0,0
55,422971.0,253429.0,699,Self-Employed,1,12,0,0
50,1182764.0,173525.0,320,Self-Employed,2,12,1,1
25,606826.0,387534.0,598,Business,1,24,0,0
38,666334.0,170231.0,542,Business,1,60,0,0
56,968133.0,612275.0,525,Salaried,0,36,1,0
48,605143.0,475939.0,786,Salaried,1,12,0,0
60,705015.0,272442.0,732,Business,2,24,0,0
42,866147.0,427378.0,325,Salaried,1,36,1,0
33,182422.0,343593.0,425,Self-Employed,1,36,1,1
32,751294.0,504429.0,401,Salaried,1,24,1,0
37,721044.0,525167.0,316,Business,1,48,0,1
51,784986.0,730674.0,868,Salaried,1,12,2,0
48,885932.0,553337.0,300,Salaried,1,24,1,1
36,567993.0,231574.0,680,Salaried,3,48,2,0
27,657188.0,260495.0,747,Self-Employed,1,36,1,0
32,480299.0,471319.0,620,Salaried,0,24,0,1
37,292851.0,434520.0,726,Salaried,2,36,1,1
26,1241497.0,285143.0,555,Salaried,0,60,1,0
23,910378.0,553477.0,795,Business,0,48,0,0
49,605137.0,465475.0,805,Salaried,0,48,1,0
21,764621.0,533193.0,564,Salaried,0,60,0,0
39,784184.0,462136.0,410,Salaried,0,60,0,0
47,340630.0,255832.0,351,Salaried,1,48,2,0
49,237829.0,453304.0,795,Business,0,36,0,1
61,661354.0,50000.0,870,Business,2,24,1,0
61,150000.0,611372.0,352,Business,0,48,0,1
29,1352985.0,661498.0,575,Self-Employed,1,24,0,0
59,618878.0,303302.0,575,Salaried,1,12,0,0
32,735441.0,291809.0,652,Salaried,0,24,0,0
53,336364.0,424287.0,681,Salaried,1,48,1,0
38,508807.0,148938.0,525,Salaried,1,48,1,0
47,363891.0,340036.0,705,Salaried,1,12,0,1
36,662590.0,271396.0,640,Salaried,0,48,0,0
53,413948.0,291235.0,687,Salaried,0,48,1,0
56,652510.0,342858.0,474,Self-Employed,0,24,0,0
38,947436.0,203697.0,331,Business,1,12,0,0
36,641334.0,699536.0,617,Salaried,2,60,0,1
59,374912.0,442718.0,345,Business,1,24,0,1
32,720686.0,407447.0,600,Salaried,1,36,1,0
33,297014.0,608257.0,756,Salaried,1,60,1,1
28,343184.0,416923.0,451,Business,1,24,0,1
36,801610.0,530073.0,418,Salaried,0,60,1,0
29,620020.0,147372.0,517,Salaried,0,24,0,0
64,785357.0,733991.0,655,Salaried,2,12,0,0
35,576383.0,637245.0,344,Self-Employed,1,48,1,1
63,890117.0,615066.0,884,Self-Employed,4,48,0,0
21,700075.0,360332.0,839,Salaried,0,48,1,0
50,485663.0,129277.0,612,Salaried,2,24,1,0
30,667548.0,321149.0,341,Self-Employed,1,24,1,1
25,1222091.0,369050.0,499,Salaried,0,60,0,0
42,664247.0,222216.0,381,Salaried,1,48,0,0
53,376955.0,773696.0,812,Self-Employed,0,36,0,1
61,397407.0,195275.0,622,Salaried,0,36,0,0
22,510343.0,107078.0,454,Salaried,5,12,2,0
43,1423099.0,271632.0,527,Self-Employed,1,48,1,0
41,279676.0,546380.0,493,Salaried,2,48,0,1
47,1054845.0,673221.0,642,Salaried,1,48,1,0
55,925479.0,352430.0,317,Salaried,0,48,1,1
34,602479.0,533680.0,683,Self-Employed,1,36,0,1
59,653836.0,526414.0,428,Salaried,3,48,0,1
53,392767.0,263874.0,372,Self-Employed,1,60,0,0
43,941925.0,259727.0,346,Salaried,2,36,0,1
32,973504.0,477901.0,505,Salaried,0,36,3,0
30,220262.0,422959.0,420,Salaried,6,24,0,1
37,664210.0,391240.0,582,Self-Employed,0,60,0,0
27,301568.0,295759.0,335,Salaried,1,60,1,1
35,857080.0,176159.0,674,Salaried,0,60,0,0
22,822387.0,575387.0,781,Self-Employed,2,48,2,1
41,884955.0,598334.0,588,Salaried,1,48,0,0
38,649391.0,284208.0,815,Business,1,24,1,0
33,709547.0,468448.0,563,Salaried,0,36,0,0
27,672857.0,405910.0,710,Salaried,1,36,0,0
35,544993.0,574211.0,755,Salaried,1,12,1,0
44,497891.0,661054.0,879,Business,3,60,0,1
63,412571.0,576626.0,779,Salaried,0,24,1,0
33,481123.0,607505.0,426,Salaried,1,36,1,1
56,713900.0,622067.0,874,Self-Employed,0,60,3,1
44,345172.0,681304.0,721,Salaried,1,60,0,1
37,570954.0,543638.0,763,Salaried,1,60,1,1
40,513794.0,131123.0,647,Business,2,36,0,0
40,527638.0,426885.0,798,Salaried,1,48,0,0
56,1149930.0,527172.0,639,Self-Employed,2,12,0,0
26,733504.0,513047.0,897,Salaried,0,12,0,0
41,768929.0,480934.0,383,Salaried,0,36,0,1
22,1077528.0,384085.0,672,Salaried,2,36,1,0
28,624740.0,625908.0,568,Salaried,0,48,0,0
47,808882.0,192066.0,846,Self-Employed,1,48,0,0
50,562238.0,217411.0,675,Self-Employed,2,24,0,0
52,802589.0,432387.0,466,Self-Employed,0,60,0,1
37,906654.0,340156.0,629,Self-Employed,2,60,0,0
51,531293.0,503176.0,703,Salaried,5,36,0,1
29,907657.0,155413.0,444,Salaried,0,36,0,0
48,475481.0,343651.0,766,Salaried,0,12,1,0
38,466622.0,764191.0,810,Salaried,0,36,1,1
45,1172169.0,424436.0,725,Self-Employed,0,48,0,0
53,298293.0,242332.0,521,Salaried,2,24,0,1
44,491820.0,695916.0,487,Salaried,1,36,0,1
42,417848.0,457593.0,503,Business,1,48,2,1
34,846423.0,277859.0,541,Salaried,0,12,0,0
56,811875.0,345409.0,381,Self-Employed,2,60,2,1
49,256095.0,183612.0,449,Salaried,0,48,1,1
23,408941.0,107728.0,683,Salaried,0,24,1,0
32,934720.0,429604.0,377,Business,1,60,1,0
58,533265.0,278790.0,448,Salaried,2,60,1,0
49,375481.0,392522.0,588,Salaried,0,12,0,1
36,641872.0,146027.0,766,Self-Employed,0,60,0,0
45,953057.0,352745.0,617,Salaried,1,24,0,0
33,609972.0,604377.0,512,Self-Employed,2,48,1,1
48,716798.0,487676.0,312,Salaried,1,36,0,0
26,703485.0,277153.0,312,Salaried,1,48,0,0
30,560980.0,625335.0,400,Salaried,2,36,1,1
53,562950.0,419258.0,578,Business,3,12,0,0
39,799887.0,612557.0,717,Self-Employed,0,24,1,0
32,440809.0,456636.0,685,Salaried,0,24,2,1
41,150000.0,415123.0,598,Self-Employed,1,12,2,1
32,673563.0,503488.0,547,Salaried,3,36,1,1
22,589740.0,189015.0,585,Self-Employed,1,48,0,0
35,771709.0,462804.0,687,Salaried,1,12,1,0
32,365401.0,364103.0,322,Salaried,2,24,1,1
27,1018158.0,65311.0,598,Self-Employed,0,12,1,1
57,549793.0,210129.0,859,Salaried,0,60,0,1
31,621367.0,460805.0,799,Salaried,0,48,0,0
38,612170.0,531811.0,613,Self-Employed,0,12,2,1
27,596705.0,328370.0,861,Salaried,1,24,0,0
34,663683.0,431276.0,851,Self-Employed,4,12,0,0
25,1002681.0,493829.0,560,Self-Employed,2,36,1,0
22,332817.0,632290.0,859,Business,0,12,0,1
30,481757.0,342762.0,595,Self-Employed,1,60,0,0
52,793879.0,635510.0,519,Salaried,0,24,1,1
35,516964.0,226300.0,338,Salaried,0,60,1,0
42,863557.0,626830.0,485,Self-Employed,5,12,1,1
30,724196.0,296815.0,799,Salaried,1,12,0,0
41,640145.0,50000.0,393,Salaried,2,48,0,0
41,614788.0,517113.0,506,Salaried,0,60,0,1
25,304151.0,557994.0,745,Business,1,24,0,1
30,990210.0,119989.0,420,Self-Employed,0,60,0,1
35,875873.0,144949.0,877,Business,0,60,0,0
63,553114.0,407309.0,530,Salaried,1,12,0,0
41,631820.0,275835.0,553,Salaried,0,12,1,0
59,1030483.0,629948.0,307,Salaried,1,24,0,0
30,974443.0,455063.0,545,Business,1,60,0,0
29,800034.0,50000.0,524,Business,2,12,0,0
55,574924.0,411067.0,484,Self-Employed,4,60,1,1
45,251860.0,616894.0,663,Salaried,1,24,0,1
52,769177.0,386213.0,810,Salaried,1,36,0,0
56,1248209.0,389590.0,744,Salaried,3,24,5,1
55,520872.0,203189.0,436,Self-Employed,1,48,1,0
44,352304.0,302182.0,734,Salaried,0,12,1,1
46,601141.0,339214.0,608,Business,1,24,0,0
52,761766.0,542233.0,856,Salaried,0,24,0,0
61,853763.0,521126.0,807,Self-Employed,0,12,1,0
53,737964.0,554912.0,889,Self-Employed,0,60,1,0
28,666675.0,667701.0,803,Self-Employed,0,60,0,1
38,923605.0,140656.0,324,Salaried,0,24,0,0
21,320419.0,517749.0,585,Business,0,12,1,1
56,631418.0,875125.0,331,Business,0,12,1,1
25,325792.0,431596.0,413,Self-Employed,1,36,1,1
51,607663.0,518569.0,420,Self-Employed,2,60,0,1
56,881962.0,332505.0,690,Salaried,0,12,0,0
33,842742.0,95944.0,752,Business,1,24,0,0
61,581381.0,574772.0,563,Salaried,1,60,0,1
21,743264.0,451639.0,480,Salaried,1,48,0,0
30,648747.0,424001.0,398,Salaried,0,12,0,0
61,688184.0,152399.0,304,Salaried,2,60,0,1
55,364695.0,50000.0,612,Self-Employed,0,48,0,0
53,578911.0,400773.0,373,Self-Employed,1,12,0,0
41,982961.0,739229.0,680,Salaried,1,36,0,0
39,900957.0,569930.0,530,Business,2,60,1,0
49,639652.0,459454.0,779,Business,1,12,0,0
29,696103.0,383121.0,669,Business,1,24,1,1
59,496181.0,352258.0,311,Self-Employed,3,24,0,1
29,687510.0,512253.0,730,Salaried,3,24,3,0
25,982505.0,324698.0,431,Salaried,0,60,0,0
40,807849.0,490147.0,390,Business,1,36,1,1
23,753331.0,539018.0,315,Self-Employed,0,24,1,0
45,527374.0,168500.0,479,Salaried,1,60,0,0
63,508387.0,937020.0,866,Business,1,36,0,1
25,150000.0,177149.0,894,Self-Employed,1,60,0,0
33,640492.0,564080.0,838,Salaried,2,12,0,1
60,959692.0,492505.0,521,Self-Employed,3,12,1,0
30,801082.0,619403.0,375,Salaried,1,36,0,0
25,420236.0,255371.0,725,Self-Employed,0,60,1,0
47,626188.0,487954.0,724,Salaried,1,48,0,0
33,474404.0,164952.0,418,Business,1,12,0,0
59,514295.0,385273.0,409,Self-Employed,1,24,1,1
